Summary,Issue key,Issue id,Issue Type,Status,Project key,Project name,Project type,Project lead,Project lead id,Project description,Priority,Resolution,Assignee,Assignee Id,Reporter,Reporter Id,Creator,Creator Id,Created,Updated,Last Viewed,Resolved,Due date,Votes,Description,Environment,Watchers,Watchers Id,Log Work,Original estimate,Remaining Estimate,Time Spent,Work Ratio,Σ Original Estimate,Σ Remaining Estimate,Σ Time Spent,Security Level,Outward issue link (Blocks),Outward issue link (Blocks),Outward issue link (Blocks),Outward issue link (Blocks),Outward issue link (Blocks),Outward issue link (Blocks),Outward issue link (Blocks),Outward issue link (Blocks),Outward issue link (Relates),Attachment,Custom field (Actual end),Custom field (Actual start),Custom field (Affected services),Custom field (Change reason),Custom field (Change risk),Custom field (Change type),Custom field (Development),Custom field (Epic Link),Custom field (Impact),Custom field (Issue color),Custom field (Rank),Custom field (Request Type),Custom field (Request language),Custom field (Request participants),Satisfaction rating,Sprint,Custom field (Start date),Custom field (Story Points),Custom field (Story point estimate),Custom field (Target end),Custom field (Target start),Custom field (Team),Custom field ([CHART] Date of First Response),Status Category
Description box should not contain special and numeric characters,EL-138,10228,Bug,To Do,EL,elearning,software,Dipti Anand,620b3373156f53006b2459d7,,Medium,,,,Dipti Anand,620b3373156f53006b2459d7,Dipti Anand,620b3373156f53006b2459d7,21/Feb/22 1:50 PM,21/Feb/22 1:51 PM,21/Feb/22 1:52 PM,,,0,,,Dipti Anand,620b3373156f53006b2459d7,,,,,,,,,,EL-133,EL-6,,,,,,,,,,,,,,,{},,,,0|hzzzzo:zzw,,,,,EL Sprint 1,,,,,,,,To Do
Verify that the size button name is showing correctly or not,EL-137,10227,Test,Done,EL,elearning,software,Dipti Anand,620b3373156f53006b2459d7,,Medium,Done,,,Dipti Anand,620b3373156f53006b2459d7,Zephyr for Jira - Test Management,557058:d99b15ce-fb96-40a1-b6e7-3ffdc632dc73,21/Feb/22 1:36 PM,21/Feb/22 1:46 PM,21/Feb/22 1:38 PM,21/Feb/22 1:46 PM,,0,Verify that the button name is showing correctly or not,,Zephyr for Jira - Test Management,557058:d99b15ce-fb96-40a1-b6e7-3ffdc632dc73,,,,,,,,,,,,,,,,,,,,,,,,,,{},,,,0|hzzzzo:zzx,,,,,EL Sprint 1,,,,,,,,Done
Verify that the confirmation message is displayed after clicking the send button,EL-136,10226,Test,Done,EL,elearning,software,Dipti Anand,620b3373156f53006b2459d7,,Medium,Done,,,Dipti Anand,620b3373156f53006b2459d7,Zephyr for Jira - Test Management,557058:d99b15ce-fb96-40a1-b6e7-3ffdc632dc73,21/Feb/22 1:36 PM,21/Feb/22 1:48 PM,21/Feb/22 1:56 PM,21/Feb/22 1:48 PM,,0,Verify that the confirmation message is displayed after clicking the send button,,Zephyr for Jira - Test Management,557058:d99b15ce-fb96-40a1-b6e7-3ffdc632dc73,,,,,,,,,,,,,,,,,,,,,,,,,,{},,,,0|hzzzzo:zzp9,,,,,EL Sprint 1,,,,,,,,Done
Verify the send message button size,EL-135,10225,Test,Done,EL,elearning,software,Dipti Anand,620b3373156f53006b2459d7,,Medium,Done,,,Dipti Anand,620b3373156f53006b2459d7,Zephyr for Jira - Test Management,557058:d99b15ce-fb96-40a1-b6e7-3ffdc632dc73,21/Feb/22 1:35 PM,21/Feb/22 1:46 PM,21/Feb/22 1:56 PM,21/Feb/22 1:46 PM,,0,Verify the send message button size,,Zephyr for Jira - Test Management,557058:d99b15ce-fb96-40a1-b6e7-3ffdc632dc73,,,,,,,,,,,,,,,,,,,,,,,,,,{},,,,0|hzzzzo:zzqi,,,,,EL Sprint 1,,,,,,,,Done
Verify the send message button type,EL-134,10224,Test,Done,EL,elearning,software,Dipti Anand,620b3373156f53006b2459d7,,Medium,Done,,,Dipti Anand,620b3373156f53006b2459d7,Zephyr for Jira - Test Management,557058:d99b15ce-fb96-40a1-b6e7-3ffdc632dc73,21/Feb/22 1:35 PM,21/Feb/22 1:48 PM,21/Feb/22 1:56 PM,21/Feb/22 1:48 PM,,0,Verify the send message button type,,Zephyr for Jira - Test Management,557058:d99b15ce-fb96-40a1-b6e7-3ffdc632dc73,,,,,,,,,,,,,,,,,,,,,,,,,,{},,,,0|hzzzzo:zzpi,,,,,EL Sprint 1,,,,,,,,Done
Verify the description box type with special and numeric characters,EL-133,10223,Test,Blocked,EL,elearning,software,Dipti Anand,620b3373156f53006b2459d7,,Medium,,,,Dipti Anand,620b3373156f53006b2459d7,Zephyr for Jira - Test Management,557058:d99b15ce-fb96-40a1-b6e7-3ffdc632dc73,21/Feb/22 1:35 PM,21/Feb/22 1:50 PM,21/Feb/22 1:56 PM,,,0,Verify the description box type with special and numeric characters,,Zephyr for Jira - Test Management,557058:d99b15ce-fb96-40a1-b6e7-3ffdc632dc73,,,,,,,,,,,,,,,,,,,,,,,,,,{},,,,0|hzzzzo:zzpr,,,,,EL Sprint 1,,,,,,,,In Progress
Verify the description box type,EL-132,10222,Test,Done,EL,elearning,software,Dipti Anand,620b3373156f53006b2459d7,,Medium,Done,,,Dipti Anand,620b3373156f53006b2459d7,Zephyr for Jira - Test Management,557058:d99b15ce-fb96-40a1-b6e7-3ffdc632dc73,21/Feb/22 1:35 PM,21/Feb/22 1:48 PM,21/Feb/22 1:56 PM,21/Feb/22 1:48 PM,,0,Verify the description box type,,Zephyr for Jira - Test Management,557058:d99b15ce-fb96-40a1-b6e7-3ffdc632dc73,,,,,,,,,,,,,,,,,,,,,,,,,,{},,,,0|hzzzzo:zzpm,,,,,EL Sprint 1,,,,,,,,Done
Verify that the add one more file is clickable,EL-131,10221,Test,Done,EL,elearning,software,Dipti Anand,620b3373156f53006b2459d7,,Medium,Done,,,Dipti Anand,620b3373156f53006b2459d7,Zephyr for Jira - Test Management,557058:d99b15ce-fb96-40a1-b6e7-3ffdc632dc73,21/Feb/22 1:35 PM,21/Feb/22 1:47 PM,21/Feb/22 1:37 PM,21/Feb/22 1:47 PM,,0,Verify that the add one more file is clickable,,Zephyr for Jira - Test Management,557058:d99b15ce-fb96-40a1-b6e7-3ffdc632dc73,,,,,,,,,,,,,,,,,,,,,,,,,,{},,,,0|hzzzzo:zzp,,,,,EL Sprint 1,,,,,,,,Done
Verify that the maximum size of file is 20mb,EL-130,10220,Test,Done,EL,elearning,software,Dipti Anand,620b3373156f53006b2459d7,,Medium,Done,,,Dipti Anand,620b3373156f53006b2459d7,Zephyr for Jira - Test Management,557058:d99b15ce-fb96-40a1-b6e7-3ffdc632dc73,21/Feb/22 1:35 PM,21/Feb/22 1:47 PM,21/Feb/22 1:56 PM,21/Feb/22 1:47 PM,,0,Verify that the maximum size of file is 20mb,,Zephyr for Jira - Test Management,557058:d99b15ce-fb96-40a1-b6e7-3ffdc632dc73,,,,,,,,,,,,,,,,,,,,,,,,,,{},,,,0|hzzzzo:zzq,,,,,EL Sprint 1,,,,,,,,Done
Verify that the selected file name is visible,EL-129,10219,Test,Done,EL,elearning,software,Dipti Anand,620b3373156f53006b2459d7,,Medium,Done,,,Dipti Anand,620b3373156f53006b2459d7,Zephyr for Jira - Test Management,557058:d99b15ce-fb96-40a1-b6e7-3ffdc632dc73,21/Feb/22 1:35 PM,21/Feb/22 1:48 PM,21/Feb/22 1:56 PM,21/Feb/22 1:48 PM,,0,Verify that the selected file name is visible,,Zephyr for Jira - Test Management,557058:d99b15ce-fb96-40a1-b6e7-3ffdc632dc73,,,,,,,,,,,,,,,,,,,,,,,,,,{},,,,0|hzzzzo:zzoi,,,,,EL Sprint 1,,,,,,,,Done
Verify the file attachments accepts more than one file,EL-128,10218,Test,Done,EL,elearning,software,Dipti Anand,620b3373156f53006b2459d7,,Medium,Done,,,Dipti Anand,620b3373156f53006b2459d7,Zephyr for Jira - Test Management,557058:d99b15ce-fb96-40a1-b6e7-3ffdc632dc73,21/Feb/22 1:35 PM,21/Feb/22 1:47 PM,21/Feb/22 1:56 PM,21/Feb/22 1:47 PM,,0,Verify the file attachments accepts more than one file,,Zephyr for Jira - Test Management,557058:d99b15ce-fb96-40a1-b6e7-3ffdc632dc73,,,,,,,,,,,,,,,,,,,,,,,,,,{},,,,0|hzzzzo:zzpo,,,,,EL Sprint 1,,,,,,,,Done
Verify the file attachments type,EL-127,10217,Test,Done,EL,elearning,software,Dipti Anand,620b3373156f53006b2459d7,,Medium,Done,,,Dipti Anand,620b3373156f53006b2459d7,Zephyr for Jira - Test Management,557058:d99b15ce-fb96-40a1-b6e7-3ffdc632dc73,21/Feb/22 1:35 PM,21/Feb/22 1:49 PM,21/Feb/22 1:56 PM,21/Feb/22 1:49 PM,,0,Verify the file attachments type,,Zephyr for Jira - Test Management,557058:d99b15ce-fb96-40a1-b6e7-3ffdc632dc73,,,,,,,,,,,,,,,,,,,,,,,,,,{},,,,0|hzzzzo:zze,,,,,EL Sprint 1,,,,,,,,Done
Verify the message box with video button,EL-126,10216,Test,Done,EL,elearning,software,Dipti Anand,620b3373156f53006b2459d7,,Medium,Done,,,Dipti Anand,620b3373156f53006b2459d7,Zephyr for Jira - Test Management,557058:d99b15ce-fb96-40a1-b6e7-3ffdc632dc73,21/Feb/22 1:35 PM,21/Feb/22 1:47 PM,21/Feb/22 1:56 PM,21/Feb/22 1:47 PM,,0,Verify the message box with video button,,Zephyr for Jira - Test Management,557058:d99b15ce-fb96-40a1-b6e7-3ffdc632dc73,,,,,,,,,,,,,,,,,,,,,,,,,,{},,,,0|hzzzzo:zzc,,,,,EL Sprint 1,,,,,,,,Done
Verify the message box with audio button,EL-125,10215,Test,Done,EL,elearning,software,Dipti Anand,620b3373156f53006b2459d7,,Medium,Done,,,Dipti Anand,620b3373156f53006b2459d7,Zephyr for Jira - Test Management,557058:d99b15ce-fb96-40a1-b6e7-3ffdc632dc73,21/Feb/22 1:35 PM,21/Feb/22 1:48 PM,21/Feb/22 1:56 PM,21/Feb/22 1:48 PM,,0,Verify the message box with audio button,,Zephyr for Jira - Test Management,557058:d99b15ce-fb96-40a1-b6e7-3ffdc632dc73,,,,,,,,,,,,,,,,,,,,,,,,,,{},,,,0|hzzzzo:zzl,,,,,EL Sprint 1,,,,,,,,Done
Verify that the message box is resizable or not,EL-124,10214,Test,Done,EL,elearning,software,Dipti Anand,620b3373156f53006b2459d7,,Medium,Done,,,Dipti Anand,620b3373156f53006b2459d7,Zephyr for Jira - Test Management,557058:d99b15ce-fb96-40a1-b6e7-3ffdc632dc73,21/Feb/22 1:35 PM,21/Feb/22 1:48 PM,21/Feb/22 1:56 PM,21/Feb/22 1:48 PM,,0,Verify that the message box is resizable or not,,Zephyr for Jira - Test Management,557058:d99b15ce-fb96-40a1-b6e7-3ffdc632dc73,,,,,,,,,,,,,,,,,,,,,,,,,,{},,,,0|hzzzzo:zza,,,,,EL Sprint 1,,,,,,,,Done
Verify the message box with special characters and numeric characters,EL-123,10213,Test,Done,EL,elearning,software,Dipti Anand,620b3373156f53006b2459d7,,Medium,Done,,,Dipti Anand,620b3373156f53006b2459d7,Zephyr for Jira - Test Management,557058:d99b15ce-fb96-40a1-b6e7-3ffdc632dc73,21/Feb/22 1:35 PM,21/Feb/22 1:46 PM,21/Feb/22 1:37 PM,21/Feb/22 1:46 PM,,0,Verify the subject field with special characters and numeric characters,,Zephyr for Jira - Test Management,557058:d99b15ce-fb96-40a1-b6e7-3ffdc632dc73,,,,,,,,,,,,,,,,,,,,,,,,,,{},,,,0|hzzzzo:zzv,,,,,EL Sprint 1,,,,,,,,Done
Verify that no of words typed is shown in the message box,EL-122,10212,Test,Done,EL,elearning,software,Dipti Anand,620b3373156f53006b2459d7,,Medium,Done,,,Dipti Anand,620b3373156f53006b2459d7,Zephyr for Jira - Test Management,557058:d99b15ce-fb96-40a1-b6e7-3ffdc632dc73,21/Feb/22 1:35 PM,21/Feb/22 1:48 PM,21/Feb/22 1:56 PM,21/Feb/22 1:48 PM,,0,Verify that image can be added in text box,,Zephyr for Jira - Test Management,557058:d99b15ce-fb96-40a1-b6e7-3ffdc632dc73,,,,,,,,,,,,,,,,,,,,,,,,,,{},,,,0|hzzzzo:zz1r,,,,,EL Sprint 1,,,,,,,,Done
Verify the message box with paste from word button,EL-121,10211,Test,Done,EL,elearning,software,Dipti Anand,620b3373156f53006b2459d7,,Medium,Done,,,Dipti Anand,620b3373156f53006b2459d7,Zephyr for Jira - Test Management,557058:d99b15ce-fb96-40a1-b6e7-3ffdc632dc73,21/Feb/22 1:35 PM,21/Feb/22 1:47 PM,21/Feb/22 1:56 PM,21/Feb/22 1:47 PM,,0,Verify the message box with copy button,,Zephyr for Jira - Test Management,557058:d99b15ce-fb96-40a1-b6e7-3ffdc632dc73,,,,,,,,,,,,,,,,,,,,,,,,,,{},,,,0|hzzzzo:zz1i,,,,,EL Sprint 1,,,,,,,,Done
Verify the message box with new page button,EL-120,10210,Test,Done,EL,elearning,software,Dipti Anand,620b3373156f53006b2459d7,,Medium,Done,,,Dipti Anand,620b3373156f53006b2459d7,Zephyr for Jira - Test Management,557058:d99b15ce-fb96-40a1-b6e7-3ffdc632dc73,21/Feb/22 1:35 PM,21/Feb/22 1:46 PM,21/Feb/22 1:56 PM,21/Feb/22 1:46 PM,,0,Verify the message box with format field,,Zephyr for Jira - Test Management,557058:d99b15ce-fb96-40a1-b6e7-3ffdc632dc73,,,,,,,,,,,,,,,,,,,,,,,,,,{},,,,0|hzzzzo:zz1,,,,,EL Sprint 1,,,,,,,,Done
Verify the message box with font field,EL-119,10209,Test,Done,EL,elearning,software,Dipti Anand,620b3373156f53006b2459d7,,Medium,Done,,,Dipti Anand,620b3373156f53006b2459d7,Zephyr for Jira - Test Management,557058:d99b15ce-fb96-40a1-b6e7-3ffdc632dc73,21/Feb/22 1:34 PM,21/Feb/22 1:48 PM,21/Feb/22 1:36 PM,21/Feb/22 1:48 PM,,0,Verify the message box with format field,,Zephyr for Jira - Test Management,557058:d99b15ce-fb96-40a1-b6e7-3ffdc632dc73,,,,,,,,,,,,,,,,,,,,,,,,,,{},,,,0|hzzzzo:zxi,,,,,EL Sprint 1,,,,,,,,Done
Verify the message box with format field,EL-118,10208,Test,Done,EL,elearning,software,Dipti Anand,620b3373156f53006b2459d7,,Medium,Done,,,Dipti Anand,620b3373156f53006b2459d7,Zephyr for Jira - Test Management,557058:d99b15ce-fb96-40a1-b6e7-3ffdc632dc73,21/Feb/22 1:34 PM,21/Feb/22 1:47 PM,21/Feb/22 1:36 PM,21/Feb/22 1:47 PM,,0,Verify the message box with format field,,Zephyr for Jira - Test Management,557058:d99b15ce-fb96-40a1-b6e7-3ffdc632dc73,,,,,,,,,,,,,,,,,,,,,,,,,,{},,,,0|hzzzzo:zzn,,,,,EL Sprint 1,,,,,,,,Done
Linkedin profile url field is accepting any value,EL-117,10207,Bug,To Do,EL,elearning,software,Dipti Anand,620b3373156f53006b2459d7,,Medium,,,,Dipti Anand,620b3373156f53006b2459d7,Dipti Anand,620b3373156f53006b2459d7,21/Feb/22 11:18 AM,21/Feb/22 11:20 AM,21/Feb/22 11:20 AM,,,0,,,Dipti Anand,620b3373156f53006b2459d7,,,,,,,,,,EL-5,EL-94,,,,,,,,,,,,,,,{},,,,0|hzzzzo:zzr,,,,,EL Sprint 1,,,,,,,,To Do
Skype field is accepting any value,EL-116,10206,Bug,To Do,EL,elearning,software,Dipti Anand,620b3373156f53006b2459d7,,Medium,,,,Dipti Anand,620b3373156f53006b2459d7,Dipti Anand,620b3373156f53006b2459d7,21/Feb/22 11:18 AM,21/Feb/22 11:19 AM,21/Feb/22 11:19 AM,,,0,,,Dipti Anand,620b3373156f53006b2459d7,,,,,,,,,,EL-5,EL-97,EL-98,EL-99,,,,,,,,,,,,,{},,,,0|hzzzzo:zzj,,,,,EL Sprint 1,,,,,,,,To Do
email field is not editable,EL-115,10205,Bug,To Do,EL,elearning,software,Dipti Anand,620b3373156f53006b2459d7,,Medium,,,,Dipti Anand,620b3373156f53006b2459d7,Dipti Anand,620b3373156f53006b2459d7,21/Feb/22 10:39 AM,21/Feb/22 11:15 AM,21/Feb/22 11:15 AM,,,0,,,Dipti Anand,620b3373156f53006b2459d7,,,,,,,,,,EL-46,EL-5,,,,,,,,,,,,,,,{},,,,0|hzzzzo:zs,,,,,EL Sprint 1,,,,,,,,To Do
Image field contains image name with special characters,EL-114,10204,Bug,To Do,EL,elearning,software,Dipti Anand,620b3373156f53006b2459d7,,Medium,,,,Dipti Anand,620b3373156f53006b2459d7,Dipti Anand,620b3373156f53006b2459d7,21/Feb/22 10:38 AM,21/Feb/22 11:08 AM,21/Feb/22 11:08 AM,,,0,,,Dipti Anand,620b3373156f53006b2459d7,,,,,,,,,,EL-5,EL-32,,,,,,,,,,,,,,,{},,,,0|hzzzzo:zu,,,,,EL Sprint 1,,,,,,,,To Do
No record is shown in phone number field,EL-113,10203,Bug,To Do,EL,elearning,software,Dipti Anand,620b3373156f53006b2459d7,,Medium,,,,Dipti Anand,620b3373156f53006b2459d7,Dipti Anand,620b3373156f53006b2459d7,21/Feb/22 10:37 AM,21/Feb/22 11:08 AM,21/Feb/22 11:07 AM,,,0,,,Dipti Anand,620b3373156f53006b2459d7,,,,,,,,,,EL-5,EL-52,,,,,,,,,,,,,,,{},,,,0|hzzzzo:zw,,,,,EL Sprint 1,,,,,,,,To Do
Email field should have * sign as it is mandatory,EL-112,10202,Bug,To Do,EL,elearning,software,Dipti Anand,620b3373156f53006b2459d7,,Medium,,,,Dipti Anand,620b3373156f53006b2459d7,Dipti Anand,620b3373156f53006b2459d7,21/Feb/22 10:36 AM,21/Feb/22 11:13 AM,21/Feb/22 11:08 AM,,,0,,,Dipti Anand,620b3373156f53006b2459d7,,,,,,,,,,EL-48,EL-5,,,,,,,,,,,,,,,{},,,,0|hzzzzo:zt,,,,,EL Sprint 1,,,,,,,,To Do
Image size should be shown under the image name,EL-111,10201,Bug,To Do,EL,elearning,software,Dipti Anand,620b3373156f53006b2459d7,,Medium,,,,Dipti Anand,620b3373156f53006b2459d7,Dipti Anand,620b3373156f53006b2459d7,21/Feb/22 10:35 AM,21/Feb/22 12:38 PM,21/Feb/22 1:53 PM,,,0,"Description: 

# navigate to Elearning application
# Go to Edit profile
# click on choose file in the add image field 
# verify if the image size is shown under the image name

Expected Result: 

Image size should be shown under the image name

Actual Result:

Image name is not shown under the image name",,Dipti Anand,620b3373156f53006b2459d7,,,,,,,,,,,,,,,,,,,,,,,,,,{},,,,0|hzzzzo:zz2,,,,,EL Sprint 1,,,,,,,,To Do
Phone number field is not editable,EL-110,10200,Bug,To Do,EL,elearning,software,Dipti Anand,620b3373156f53006b2459d7,,Medium,,,,Dipti Anand,620b3373156f53006b2459d7,Dipti Anand,620b3373156f53006b2459d7,18/Feb/22 4:37 PM,21/Feb/22 11:04 AM,21/Feb/22 11:16 AM,,,0,,,Dipti Anand,620b3373156f53006b2459d7,,,,,,,,,,EL-50,EL-5,EL-51,EL-55,EL-57,EL-53,EL-56,EL-54,,,,,,,,,{},,,,0|hzzzzo:zo,,,,,EL Sprint 1,,,,,,,,To Do
Password should not accept user full name,EL-109,10199,Bug,To Do,EL,elearning,software,Dipti Anand,620b3373156f53006b2459d7,,Medium,,,,Dipti Anand,620b3373156f53006b2459d7,Dipti Anand,620b3373156f53006b2459d7,18/Feb/22 4:34 PM,21/Feb/22 9:53 AM,21/Feb/22 11:16 AM,,,0,,,Dipti Anand,620b3373156f53006b2459d7,,,,,,,,,,EL-68,EL-5,,,,,,,,,,,,,,,{},,,,0|hzzzzo:zm,,,,,EL Sprint 1,,,,,,,,To Do
username is not editable,EL-107,10197,Bug,To Do,EL,elearning,software,Dipti Anand,620b3373156f53006b2459d7,,Medium,,,,Dipti Anand,620b3373156f53006b2459d7,Dipti Anand,620b3373156f53006b2459d7,18/Feb/22 4:31 PM,21/Feb/22 11:06 AM,21/Feb/22 11:04 AM,,,0,,,Dipti Anand,620b3373156f53006b2459d7,,,,,,,,,,EL-5,EL-41,EL-40,EL-42,EL-37,EL-39,EL-38,,,,,,,,,,{},,,,0|hzzzzo:zz,,,,,EL Sprint 1,,,,,,,,To Do
image name should not contain special characters,EL-106,10196,Bug,To Do,EL,elearning,software,Dipti Anand,620b3373156f53006b2459d7,,Medium,,,,Dipti Anand,620b3373156f53006b2459d7,Dipti Anand,620b3373156f53006b2459d7,18/Feb/22 4:29 PM,21/Feb/22 12:39 PM,21/Feb/22 1:53 PM,,,0,"Description: 

# navigate to Elearning application
# Go to Edit profile
# click on choose file in the add image field 
# verify if the image name contains special characters

Expected Result: 

Image name should not contain special characters

Actual Result:

Image name accepts special characters",,Dipti Anand,620b3373156f53006b2459d7,,,,,,,,,,EL-5,EL-32,,,,,,,,,,,,,,,{},,,,0|hzzzzo:yi,,,,,EL Sprint 1,,,,,,,,To Do
Last name field is not editable,EL-105,10195,Bug,To Do,EL,elearning,software,Dipti Anand,620b3373156f53006b2459d7,,Medium,,,,Dipti Anand,620b3373156f53006b2459d7,Dipti Anand,620b3373156f53006b2459d7,18/Feb/22 4:26 PM,21/Feb/22 11:06 AM,21/Feb/22 11:06 AM,,,0,,,Dipti Anand,620b3373156f53006b2459d7,,,,,,,,,,EL-5,EL-22,EL-20,,,,,,,,,,,,,,{},,,,0|hzzzzo:zy,,,,,EL Sprint 1,,,,,,,,To Do
"Verify the remove checkbox with tick sign
",EL-104,10194,Test,Done,EL,elearning,software,Dipti Anand,620b3373156f53006b2459d7,,Medium,Done,,,Dipti Anand,620b3373156f53006b2459d7,Dipti Anand,620b3373156f53006b2459d7,18/Feb/22 3:02 PM,18/Feb/22 3:04 PM,18/Feb/22 3:07 PM,18/Feb/22 3:02 PM,,0,,,Dipti Anand,620b3373156f53006b2459d7,,,,,,,,,,,,,,,,,,,,,,,,,,{},,,,0|hzzzzo:zv,,,,,EL Sprint 1,,,,,,,,Done
"Verify that the user can remove the image 
",EL-103,10193,Test,Done,EL,elearning,software,Dipti Anand,620b3373156f53006b2459d7,,Medium,Done,,,Dipti Anand,620b3373156f53006b2459d7,Dipti Anand,620b3373156f53006b2459d7,18/Feb/22 2:59 PM,18/Feb/22 3:07 PM,18/Feb/22 3:05 PM,18/Feb/22 3:07 PM,,0,,,Dipti Anand,620b3373156f53006b2459d7,,,,,,,,,,,,,,,,,,,,,,,,,,{},,,,0|hzzzzo:zx,,,,,EL Sprint 1,,,,,,,,Done
Skype field is accepting more than 100 characters,EL-102,10192,Bug,To Do,EL,elearning,software,Dipti Anand,620b3373156f53006b2459d7,,Medium,,,,Dipti Anand,620b3373156f53006b2459d7,Dipti Anand,620b3373156f53006b2459d7,18/Feb/22 2:46 PM,21/Feb/22 1:55 PM,21/Feb/22 1:55 PM,,,0,"Description: 

# navigate to Elearning application
# Go to Edit profile
# click on skype field 

Expected Result: 

Skype field should accept less than 100 characters

Actual Result:

Skype field accepts more than 100 characters",,Dipti Anand,620b3373156f53006b2459d7,,,,,,,,,,EL-96,EL-5,,,,,,,,,,,,,,,{},,,,0|hzzzzo:zi,,,,,EL Sprint 1,,,,,,,,To Do
linkedin url profile field is accepting is more than 100 characters,EL-101,10191,Bug,To Do,EL,elearning,software,Dipti Anand,620b3373156f53006b2459d7,,Medium,,,,Dipti Anand,620b3373156f53006b2459d7,Dipti Anand,620b3373156f53006b2459d7,18/Feb/22 2:46 PM,21/Feb/22 9:53 AM,21/Feb/22 11:16 AM,,,0,,,Dipti Anand,620b3373156f53006b2459d7,,,,,,,,,,EL-93,EL-5,,,,,,,,,,,,,,,{},,,,0|hzzzzo:zr,,,,,EL Sprint 1,,,,,,,,To Do
First name field is not editable,EL-100,10190,Bug,To Do,EL,elearning,software,Dipti Anand,620b3373156f53006b2459d7,,Medium,,,,Dipti Anand,620b3373156f53006b2459d7,Dipti Anand,620b3373156f53006b2459d7,18/Feb/22 2:31 PM,21/Feb/22 1:54 PM,21/Feb/22 1:53 PM,,,0,"Description: 

# navigate to Elearning application
# Go to Edit profile
# click on first name field type

Expected Result: 

First name should be editable

Actual Result:

First name is not editable",,Dipti Anand,620b3373156f53006b2459d7,,,,,,,,,,EL-17,EL-18,EL-19,EL-5,,,,,,,,,,,,,{},,,,0|hzzzzo:z,,,,,EL Sprint 1,,,,,,,,To Do
Verify the skype field with special characters,EL-99,10189,Test,Blocked,EL,elearning,software,Dipti Anand,620b3373156f53006b2459d7,,Medium,,,,Dipti Anand,620b3373156f53006b2459d7,Zephyr for Jira - Test Management,557058:d99b15ce-fb96-40a1-b6e7-3ffdc632dc73,17/Feb/22 3:17 PM,21/Feb/22 11:19 AM,21/Feb/22 1:56 PM,,,0,Verify the skype field with special characters,,Zephyr for Jira - Test Management,557058:d99b15ce-fb96-40a1-b6e7-3ffdc632dc73,,,,,,,,,,,,,,,,,,EL-5,,,,,,,,{},,,,0|hzzzzo:vf,,,,,EL Sprint 1,,,,,,,,In Progress
Verify that the skype field contains string of numbers and letters,EL-98,10188,Test,Blocked,EL,elearning,software,Dipti Anand,620b3373156f53006b2459d7,,Medium,,,,Dipti Anand,620b3373156f53006b2459d7,Zephyr for Jira - Test Management,557058:d99b15ce-fb96-40a1-b6e7-3ffdc632dc73,17/Feb/22 3:17 PM,21/Feb/22 11:19 AM,21/Feb/22 1:56 PM,,,0,Verify that the skype field contains string of numbers and letters,,Zephyr for Jira - Test Management,557058:d99b15ce-fb96-40a1-b6e7-3ffdc632dc73,,,,,,,,,,,,,,,,,,EL-5,,,,,,,,{},,,,0|hzzzzo:vr,,,,,EL Sprint 1,,,,,,,,In Progress
"Verify the skype field with ""live:"" format",EL-97,10187,Test,Blocked,EL,elearning,software,Dipti Anand,620b3373156f53006b2459d7,,Medium,,,,Dipti Anand,620b3373156f53006b2459d7,Zephyr for Jira - Test Management,557058:d99b15ce-fb96-40a1-b6e7-3ffdc632dc73,17/Feb/22 3:17 PM,21/Feb/22 11:19 AM,21/Feb/22 1:56 PM,,,0,"Verify the skype field with ""live:"" format",,Zephyr for Jira - Test Management,557058:d99b15ce-fb96-40a1-b6e7-3ffdc632dc73,,,,,,,,,,,,,,,,,,EL-5,,,,,,,,{},,,,0|hzzzzo:y,,,,,EL Sprint 1,,,,,,,,In Progress
Verify the skype field with more than 100 characters,EL-96,10186,Test,Blocked,EL,elearning,software,Dipti Anand,620b3373156f53006b2459d7,,Medium,,,,Dipti Anand,620b3373156f53006b2459d7,Zephyr for Jira - Test Management,557058:d99b15ce-fb96-40a1-b6e7-3ffdc632dc73,17/Feb/22 3:16 PM,18/Feb/22 2:48 PM,18/Feb/22 2:48 PM,,,0,Verify the skype field with more than 100 characters,,Zephyr for Jira - Test Management,557058:d99b15ce-fb96-40a1-b6e7-3ffdc632dc73,,,,,,,,,,,,,,,,,,EL-5,,,,,,,,{},,,,0|hzzzzo:vi,,,,,EL Sprint 1,,,,,,,,In Progress
Verify that the linkedin profile url contains alphanumeric and is a combination of user name and numbers,EL-95,10185,Test,Blocked,EL,elearning,software,Dipti Anand,620b3373156f53006b2459d7,,Medium,,,,Dipti Anand,620b3373156f53006b2459d7,Zephyr for Jira - Test Management,557058:d99b15ce-fb96-40a1-b6e7-3ffdc632dc73,17/Feb/22 3:16 PM,18/Feb/22 3:34 PM,21/Feb/22 1:56 PM,,,0,Verify that the linkedin profile url contains alphanumeric and is a combination of user name and numbers,,Zephyr for Jira - Test Management,557058:d99b15ce-fb96-40a1-b6e7-3ffdc632dc73,,,,,,,,,,,,,,,,,,EL-5,,,,,,,,{},,,,0|hzzzzo:vd,,,,,EL Sprint 1,,,,,,,,In Progress
"Verify the linkedin profile with ""https://www.linked.com/in/"" format",EL-94,10184,Test,Blocked,EL,elearning,software,Dipti Anand,620b3373156f53006b2459d7,,Medium,,,,Dipti Anand,620b3373156f53006b2459d7,Zephyr for Jira - Test Management,557058:d99b15ce-fb96-40a1-b6e7-3ffdc632dc73,17/Feb/22 3:16 PM,21/Feb/22 11:20 AM,21/Feb/22 1:56 PM,,,0,"Verify the linkedin profile with ""https://www.linked.com/in/"" format",,Zephyr for Jira - Test Management,557058:d99b15ce-fb96-40a1-b6e7-3ffdc632dc73,,,,,,,,,,,,,,,,,,EL-5,,,,,,,,{},,,,0|hzzzzo:sx,,,,,EL Sprint 1,,,,,,,,In Progress
Verify the linkedin profile url field with more than 100 characters,EL-93,10183,Test,Blocked,EL,elearning,software,Dipti Anand,620b3373156f53006b2459d7,,Medium,,,,Dipti Anand,620b3373156f53006b2459d7,Zephyr for Jira - Test Management,557058:d99b15ce-fb96-40a1-b6e7-3ffdc632dc73,17/Feb/22 3:16 PM,18/Feb/22 2:47 PM,21/Feb/22 1:56 PM,,,0,Verify the linkedin profile url field with more than 100 characters,,Zephyr for Jira - Test Management,557058:d99b15ce-fb96-40a1-b6e7-3ffdc632dc73,,,,,,,,,,,,,,,,,,EL-5,,,,,,,,{},,,,0|hzzzzo:v9,,,,,EL Sprint 1,,,,,,,,In Progress
Verify the alignment of the Save button,EL-92,10182,Test,Done,EL,elearning,software,Dipti Anand,620b3373156f53006b2459d7,,Medium,Done,,,Dipti Anand,620b3373156f53006b2459d7,Zephyr for Jira - Test Management,557058:d99b15ce-fb96-40a1-b6e7-3ffdc632dc73,17/Feb/22 3:16 PM,18/Feb/22 2:22 PM,21/Feb/22 1:56 PM,18/Feb/22 10:50 AM,,0,Verify the alignment of the Save button,,Zephyr for Jira - Test Management,557058:d99b15ce-fb96-40a1-b6e7-3ffdc632dc73,,,,,,,,,,,,,,,,,,EL-5,,,,,,,,{},,,,0|hzzzzo:sr,,,,,EL Sprint 1,,,,,,,,Done
Verify the size of the Save button,EL-91,10181,Test,Done,EL,elearning,software,Dipti Anand,620b3373156f53006b2459d7,,Medium,Done,,,Dipti Anand,620b3373156f53006b2459d7,Zephyr for Jira - Test Management,557058:d99b15ce-fb96-40a1-b6e7-3ffdc632dc73,17/Feb/22 3:16 PM,18/Feb/22 2:28 PM,21/Feb/22 1:56 PM,18/Feb/22 10:51 AM,,0,Verify the size of the Save button,,Zephyr for Jira - Test Management,557058:d99b15ce-fb96-40a1-b6e7-3ffdc632dc73,,,,,,,,,,,,,,,,,,EL-5,,,,,,,,{},,,,0|hzzzzo:ve,,,,,EL Sprint 1,,,,,,,,Done
Verify the placeholder of the Save button,EL-90,10180,Test,Done,EL,elearning,software,Dipti Anand,620b3373156f53006b2459d7,,Medium,Done,,,Dipti Anand,620b3373156f53006b2459d7,Zephyr for Jira - Test Management,557058:d99b15ce-fb96-40a1-b6e7-3ffdc632dc73,17/Feb/22 3:16 PM,18/Feb/22 2:28 PM,21/Feb/22 1:56 PM,18/Feb/22 10:52 AM,,0,Verify the placeholder of the Save button,,Zephyr for Jira - Test Management,557058:d99b15ce-fb96-40a1-b6e7-3ffdc632dc73,,,,,,,,,,,,,,,,,,EL-5,,,,,,,,{},,,,0|hzzzzo:sv,,,,,EL Sprint 1,,,,,,,,Done
Verify the Save button  name label,EL-89,10179,Test,Done,EL,elearning,software,Dipti Anand,620b3373156f53006b2459d7,,Medium,Done,,,Dipti Anand,620b3373156f53006b2459d7,Zephyr for Jira - Test Management,557058:d99b15ce-fb96-40a1-b6e7-3ffdc632dc73,17/Feb/22 3:16 PM,18/Feb/22 2:28 PM,21/Feb/22 1:56 PM,18/Feb/22 10:51 AM,,0,Verify the Save button  name label,,Zephyr for Jira - Test Management,557058:d99b15ce-fb96-40a1-b6e7-3ffdc632dc73,,,,,,,,,,,,,,,,,,EL-5,,,,,,,,{},,,,0|hzzzzo:st,,,,,EL Sprint 1,,,,,,,,Done
Verify the confirmation message when the profile setting has been changed,EL-88,10178,Test,Done,EL,elearning,software,Dipti Anand,620b3373156f53006b2459d7,,Medium,Done,,,Dipti Anand,620b3373156f53006b2459d7,Zephyr for Jira - Test Management,557058:d99b15ce-fb96-40a1-b6e7-3ffdc632dc73,17/Feb/22 3:16 PM,18/Feb/22 2:28 PM,21/Feb/22 1:56 PM,18/Feb/22 10:52 AM,,0,Verify the confirmation message when the profile setting has been changed,,Zephyr for Jira - Test Management,557058:d99b15ce-fb96-40a1-b6e7-3ffdc632dc73,,,,,,,,,,,,,,,,,,EL-5,,,,,,,,{},,,,0|hzzzzo:s9,,,,,EL Sprint 1,,,,,,,,Done
Verify that the Save button  is placed at the correct position,EL-87,10177,Test,Done,EL,elearning,software,Dipti Anand,620b3373156f53006b2459d7,,Medium,Done,,,Dipti Anand,620b3373156f53006b2459d7,Zephyr for Jira - Test Management,557058:d99b15ce-fb96-40a1-b6e7-3ffdc632dc73,17/Feb/22 3:16 PM,18/Feb/22 2:28 PM,21/Feb/22 1:56 PM,18/Feb/22 10:49 AM,,0,Verify that the Save button  is placed at the correct position,,Zephyr for Jira - Test Management,557058:d99b15ce-fb96-40a1-b6e7-3ffdc632dc73,,,,,,,,,,,,,,,,,,EL-5,,,,,,,,{},,,,0|hzzzzo:w,,,,,EL Sprint 1,,,,,,,,Done
Verify that no invalid values are provided,EL-86,10176,Test,Done,EL,elearning,software,Dipti Anand,620b3373156f53006b2459d7,,Medium,Done,,,Dipti Anand,620b3373156f53006b2459d7,Zephyr for Jira - Test Management,557058:d99b15ce-fb96-40a1-b6e7-3ffdc632dc73,17/Feb/22 3:16 PM,18/Feb/22 4:42 PM,21/Feb/22 1:56 PM,18/Feb/22 4:42 PM,,0,Verify that no invalid values are provided,,Zephyr for Jira - Test Management,557058:d99b15ce-fb96-40a1-b6e7-3ffdc632dc73,,,,,,,,,,,,,,,,,,EL-5,,,,,,,,{},,,,0|hzzzzo:s,,,,,EL Sprint 1,,,,,,,,Done
Verify that all mandatory fields are filled,EL-85,10175,Test,Done,EL,elearning,software,Dipti Anand,620b3373156f53006b2459d7,,Medium,Done,,,Dipti Anand,620b3373156f53006b2459d7,Zephyr for Jira - Test Management,557058:d99b15ce-fb96-40a1-b6e7-3ffdc632dc73,17/Feb/22 3:16 PM,18/Feb/22 2:28 PM,21/Feb/22 1:56 PM,18/Feb/22 10:49 AM,,0,Verify that all mandatory fields are filled,,Zephyr for Jira - Test Management,557058:d99b15ce-fb96-40a1-b6e7-3ffdc632dc73,,,,,,,,,,,,,,,,,,EL-5,,,,,,,,{},,,,0|hzzzzo:t,,,,,EL Sprint 1,,,,,,,,Done
Verify the Save button  type,EL-84,10174,Test,Done,EL,elearning,software,Dipti Anand,620b3373156f53006b2459d7,,Medium,Done,,,Dipti Anand,620b3373156f53006b2459d7,Zephyr for Jira - Test Management,557058:d99b15ce-fb96-40a1-b6e7-3ffdc632dc73,17/Feb/22 3:16 PM,18/Feb/22 2:28 PM,21/Feb/22 1:56 PM,18/Feb/22 10:41 AM,,0,Verify the Save button  type,,Zephyr for Jira - Test Management,557058:d99b15ce-fb96-40a1-b6e7-3ffdc632dc73,,,,,,,,,,,,,,,,,,EL-5,,,,,,,,{},,,,0|hzzzzo:pi,,,,,EL Sprint 1,,,,,,,,Done
Verify that the value from list should be selected if user adds an valid data,EL-83,10173,Test,Done,EL,elearning,software,Dipti Anand,620b3373156f53006b2459d7,,Medium,Done,,,Dipti Anand,620b3373156f53006b2459d7,Zephyr for Jira - Test Management,557058:d99b15ce-fb96-40a1-b6e7-3ffdc632dc73,17/Feb/22 3:16 PM,18/Feb/22 2:28 PM,21/Feb/22 1:56 PM,18/Feb/22 10:50 AM,,0,Verify that the value from list should be selected if user adds an valid data,,Zephyr for Jira - Test Management,557058:d99b15ce-fb96-40a1-b6e7-3ffdc632dc73,,,,,,,,,,,,,,,,,,EL-5,,,,,,,,{},,,,0|hzzzzo:q,,,,,EL Sprint 1,,,,,,,,Done
Verify that a error message should be shown if user adds an invalid data,EL-82,10172,Test,Done,EL,elearning,software,Dipti Anand,620b3373156f53006b2459d7,,Medium,Done,,,Dipti Anand,620b3373156f53006b2459d7,Zephyr for Jira - Test Management,557058:d99b15ce-fb96-40a1-b6e7-3ffdc632dc73,17/Feb/22 3:16 PM,18/Feb/22 2:28 PM,21/Feb/22 1:56 PM,18/Feb/22 10:49 AM,,0,Verify that a error message should be shown if user adds an invalid data,,Zephyr for Jira - Test Management,557058:d99b15ce-fb96-40a1-b6e7-3ffdc632dc73,,,,,,,,,,,,,,,,,,EL-5,,,,,,,,{},,,,0|hzzzzo:p,,,,,EL Sprint 1,,,,,,,,Done
Verify that the text is added on the search field or not from typing,EL-81,10171,Test,Done,EL,elearning,software,Dipti Anand,620b3373156f53006b2459d7,,Medium,Done,,,Dipti Anand,620b3373156f53006b2459d7,Zephyr for Jira - Test Management,557058:d99b15ce-fb96-40a1-b6e7-3ffdc632dc73,17/Feb/22 3:16 PM,18/Feb/22 2:28 PM,21/Feb/22 1:56 PM,18/Feb/22 10:49 AM,,0,Verify that the text is added on the search field or not from typing,,Zephyr for Jira - Test Management,557058:d99b15ce-fb96-40a1-b6e7-3ffdc632dc73,,,,,,,,,,,,,,,,,,EL-5,,,,,,,,{},,,,0|hzzzzo:x,,,,,EL Sprint 1,,,,,,,,Done
Verify that the search field should be clickable or not by clicking on search field,EL-80,10170,Test,Done,EL,elearning,software,Dipti Anand,620b3373156f53006b2459d7,,Medium,Done,,,Dipti Anand,620b3373156f53006b2459d7,Zephyr for Jira - Test Management,557058:d99b15ce-fb96-40a1-b6e7-3ffdc632dc73,17/Feb/22 3:16 PM,18/Feb/22 2:28 PM,21/Feb/22 1:56 PM,18/Feb/22 10:49 AM,,0,Verify that the search field shuld be clickable or not by clicking on search field,,Zephyr for Jira - Test Management,557058:d99b15ce-fb96-40a1-b6e7-3ffdc632dc73,,,,,,,,,,,,,,,,,,EL-5,,,,,,,,{},,,,0|hzzzzo:m,,,,,EL Sprint 1,,,,,,,,Done
Verify that on mouse hover pointer changes from pointer to hand or not,EL-79,10169,Test,Done,EL,elearning,software,Dipti Anand,620b3373156f53006b2459d7,,Medium,Done,,,Dipti Anand,620b3373156f53006b2459d7,Zephyr for Jira - Test Management,557058:d99b15ce-fb96-40a1-b6e7-3ffdc632dc73,17/Feb/22 3:16 PM,18/Feb/22 2:28 PM,21/Feb/22 1:56 PM,18/Feb/22 10:49 AM,,0,Verify that on mouse hover pointer changes from pointer to hand or not,,Zephyr for Jira - Test Management,557058:d99b15ce-fb96-40a1-b6e7-3ffdc632dc73,,,,,,,,,,,,,,,,,,EL-5,,,,,,,,{},,,,0|hzzzzo:si,,,,,EL Sprint 1,,,,,,,,Done
Verify that the order of the values of dropdown is same as the requirement or not,EL-78,10168,Test,Done,EL,elearning,software,Dipti Anand,620b3373156f53006b2459d7,,Medium,Done,,,Dipti Anand,620b3373156f53006b2459d7,Zephyr for Jira - Test Management,557058:d99b15ce-fb96-40a1-b6e7-3ffdc632dc73,17/Feb/22 3:16 PM,18/Feb/22 2:28 PM,21/Feb/22 1:56 PM,18/Feb/22 10:41 AM,,0,Verify that the order of the values of dropdown is same as the requirement or not,,Zephyr for Jira - Test Management,557058:d99b15ce-fb96-40a1-b6e7-3ffdc632dc73,,,,,,,,,,,,,,,,,,EL-5,,,,,,,,{},,,,0|hzzzzo:o,,,,,EL Sprint 1,,,,,,,,Done
Verify that the dropdown should not be editable,EL-77,10167,Test,Done,EL,elearning,software,Dipti Anand,620b3373156f53006b2459d7,,Medium,Done,,,Dipti Anand,620b3373156f53006b2459d7,Zephyr for Jira - Test Management,557058:d99b15ce-fb96-40a1-b6e7-3ffdc632dc73,17/Feb/22 3:16 PM,18/Feb/22 2:28 PM,21/Feb/22 1:56 PM,18/Feb/22 10:49 AM,,0,Verify that the dropdown should not be editable,,Zephyr for Jira - Test Management,557058:d99b15ce-fb96-40a1-b6e7-3ffdc632dc73,,,,,,,,,,,,,,,,,,EL-5,,,,,,,,{},,,,0|hzzzzo:v,,,,,EL Sprint 1,,,,,,,,Done
Verify that the default selected value is shown on dropdown list or not,EL-76,10166,Test,Done,EL,elearning,software,Dipti Anand,620b3373156f53006b2459d7,,Medium,Done,,,Dipti Anand,620b3373156f53006b2459d7,Zephyr for Jira - Test Management,557058:d99b15ce-fb96-40a1-b6e7-3ffdc632dc73,17/Feb/22 3:16 PM,18/Feb/22 2:28 PM,21/Feb/22 1:56 PM,18/Feb/22 10:41 AM,,0,Verify that the default selected value is shown on dropdown list or not,,Zephyr for Jira - Test Management,557058:d99b15ce-fb96-40a1-b6e7-3ffdc632dc73,,,,,,,,,,,,,,,,,,EL-5,,,,,,,,{},,,,0|hzzzzo:fi,,,,,EL Sprint 1,,,,,,,,Done
Verify that the dropdown list should be scrolled down by pressing the down arrow key,EL-75,10165,Test,Done,EL,elearning,software,Dipti Anand,620b3373156f53006b2459d7,,Medium,Done,,,Dipti Anand,620b3373156f53006b2459d7,Zephyr for Jira - Test Management,557058:d99b15ce-fb96-40a1-b6e7-3ffdc632dc73,17/Feb/22 3:16 PM,18/Feb/22 2:28 PM,21/Feb/22 1:56 PM,18/Feb/22 10:49 AM,,0,Verify that the dropdown list should be scrolled down by pressing the down arrow key,,Zephyr for Jira - Test Management,557058:d99b15ce-fb96-40a1-b6e7-3ffdc632dc73,,,,,,,,,,,,,,,,,,EL-5,,,,,,,,{},,,,0|hzzzzo:s4,,,,,EL Sprint 1,,,,,,,,Done
Verify that the scroll down functionality working in the drop down list or not,EL-74,10164,Test,Done,EL,elearning,software,Dipti Anand,620b3373156f53006b2459d7,,Medium,Done,,,Dipti Anand,620b3373156f53006b2459d7,Zephyr for Jira - Test Management,557058:d99b15ce-fb96-40a1-b6e7-3ffdc632dc73,17/Feb/22 3:16 PM,18/Feb/22 2:28 PM,21/Feb/22 1:56 PM,18/Feb/22 10:51 AM,,0,Verify that the scroll down functionality working in the drop down list or not,,Zephyr for Jira - Test Management,557058:d99b15ce-fb96-40a1-b6e7-3ffdc632dc73,,,,,,,,,,,,,,,,,,EL-5,,,,,,,,{},,,,0|hzzzzo:g,,,,,EL Sprint 1,,,,,,,,Done
Verify that the dropdown displays all the values or not as user clicks on it,EL-73,10163,Test,Done,EL,elearning,software,Dipti Anand,620b3373156f53006b2459d7,,Medium,Done,,,Dipti Anand,620b3373156f53006b2459d7,Zephyr for Jira - Test Management,557058:d99b15ce-fb96-40a1-b6e7-3ffdc632dc73,17/Feb/22 3:16 PM,18/Feb/22 2:29 PM,21/Feb/22 1:56 PM,18/Feb/22 10:41 AM,,0,Verify that the dropdown displays all the values or not as user clicks on it,,Zephyr for Jira - Test Management,557058:d99b15ce-fb96-40a1-b6e7-3ffdc632dc73,,,,,,,,,,,,,,,,,,EL-5,,,,,,,,{},,,,0|hzzzzo:d,,,,,EL Sprint 1,,,,,,,,Done
Verify tha all values are added in the language field or not as per SRS,EL-72,10162,Test,Done,EL,elearning,software,Dipti Anand,620b3373156f53006b2459d7,,Medium,Done,,,Dipti Anand,620b3373156f53006b2459d7,Zephyr for Jira - Test Management,557058:d99b15ce-fb96-40a1-b6e7-3ffdc632dc73,17/Feb/22 3:16 PM,18/Feb/22 2:28 PM,21/Feb/22 1:56 PM,18/Feb/22 10:41 AM,,0,Verify tha all values are added in the language field or not as per SRS,,Zephyr for Jira - Test Management,557058:d99b15ce-fb96-40a1-b6e7-3ffdc632dc73,,,,,,,,,,,,,,,,,,EL-5,,,,,,,,{},,,,0|hzzzzo:ei,,,,,EL Sprint 1,,,,,,,,Done
Verify the language field type,EL-71,10161,Test,Done,EL,elearning,software,Dipti Anand,620b3373156f53006b2459d7,,Medium,Done,,,Dipti Anand,620b3373156f53006b2459d7,Zephyr for Jira - Test Management,557058:d99b15ce-fb96-40a1-b6e7-3ffdc632dc73,17/Feb/22 3:15 PM,18/Feb/22 2:28 PM,21/Feb/22 1:56 PM,18/Feb/22 10:51 AM,,0,Verify the language field type,,Zephyr for Jira - Test Management,557058:d99b15ce-fb96-40a1-b6e7-3ffdc632dc73,,,,,,,,,,,,,,,,,,EL-5,,,,,,,,{},,,,0|hzzzzo:f,,,,,EL Sprint 1,,,,,,,,Done
Verify that the user re type new password in confirm password field,EL-70,10160,Test,Done,EL,elearning,software,Dipti Anand,620b3373156f53006b2459d7,,Medium,Done,,,Dipti Anand,620b3373156f53006b2459d7,Zephyr for Jira - Test Management,557058:d99b15ce-fb96-40a1-b6e7-3ffdc632dc73,17/Feb/22 3:15 PM,18/Feb/22 2:28 PM,21/Feb/22 1:56 PM,18/Feb/22 10:49 AM,,0,Verify that the user re type new password in confirm password field,,Zephyr for Jira - Test Management,557058:d99b15ce-fb96-40a1-b6e7-3ffdc632dc73,,,,,,,,,,,,,,,,,,EL-5,,,,,,,,{},,,,0|hzzzzo:e,,,,,EL Sprint 1,,,,,,,,Done
Verify that the user enters valid password in new password field,EL-69,10159,Test,Done,EL,elearning,software,Dipti Anand,620b3373156f53006b2459d7,,Medium,Done,,,Dipti Anand,620b3373156f53006b2459d7,Zephyr for Jira - Test Management,557058:d99b15ce-fb96-40a1-b6e7-3ffdc632dc73,17/Feb/22 3:15 PM,18/Feb/22 2:28 PM,21/Feb/22 1:56 PM,18/Feb/22 10:50 AM,,0,Verify that the user enters valid password in new password field,,Zephyr for Jira - Test Management,557058:d99b15ce-fb96-40a1-b6e7-3ffdc632dc73,,,,,,,,,,,,,,,,,,EL-5,,,,,,,,{},,,,0|hzzzzo:8,,,,,EL Sprint 1,,,,,,,,Done
Verify the new and confirm password cannot contain user full name,EL-68,10158,Test,Blocked,EL,elearning,software,Dipti Anand,620b3373156f53006b2459d7,,Medium,,,,Dipti Anand,620b3373156f53006b2459d7,Zephyr for Jira - Test Management,557058:d99b15ce-fb96-40a1-b6e7-3ffdc632dc73,17/Feb/22 3:15 PM,18/Feb/22 4:40 PM,21/Feb/22 1:56 PM,,,0,Verify the new and confirm password cannot contain user full name,,Zephyr for Jira - Test Management,557058:d99b15ce-fb96-40a1-b6e7-3ffdc632dc73,,,,,,,,,,,,,,,,,,EL-5,,,,,,,,{},,,,0|hzzzzo:6i,,,,,EL Sprint 1,,,,,,,,In Progress
"Verify the password strength(very weak, weak, normal, medium, strong, very strong)",EL-67,10157,Test,Done,EL,elearning,software,Dipti Anand,620b3373156f53006b2459d7,,Medium,Done,,,Dipti Anand,620b3373156f53006b2459d7,Zephyr for Jira - Test Management,557058:d99b15ce-fb96-40a1-b6e7-3ffdc632dc73,17/Feb/22 3:15 PM,18/Feb/22 2:28 PM,21/Feb/22 1:56 PM,18/Feb/22 10:41 AM,,0,"Verify the password strength(very weak, weak, normal, medium, strong, very strong)",,Zephyr for Jira - Test Management,557058:d99b15ce-fb96-40a1-b6e7-3ffdc632dc73,,,,,,,,,,,,,,,,,,EL-5,,,,,,,,{},,,,0|hzzzzo:r,,,,,EL Sprint 1,,,,,,,,Done
Verify the progress bar for new password field,EL-66,10156,Test,Done,EL,elearning,software,Dipti Anand,620b3373156f53006b2459d7,,Medium,Done,,,Dipti Anand,620b3373156f53006b2459d7,Zephyr for Jira - Test Management,557058:d99b15ce-fb96-40a1-b6e7-3ffdc632dc73,17/Feb/22 3:15 PM,18/Feb/22 2:28 PM,21/Feb/22 1:56 PM,18/Feb/22 10:51 AM,,0,Verify the progress bar for new password field,,Zephyr for Jira - Test Management,557058:d99b15ce-fb96-40a1-b6e7-3ffdc632dc73,,,,,,,,,,,,,,,,,,EL-5,,,,,,,,{},,,,0|hzzzzo:5x,,,,,EL Sprint 1,,,,,,,,Done
Verify the new password field with less than 10 characters,EL-65,10155,Test,Blocked,EL,elearning,software,Dipti Anand,620b3373156f53006b2459d7,,Medium,,,,Dipti Anand,620b3373156f53006b2459d7,Zephyr for Jira - Test Management,557058:d99b15ce-fb96-40a1-b6e7-3ffdc632dc73,17/Feb/22 3:15 PM,18/Feb/22 2:28 PM,21/Feb/22 1:56 PM,,,0,Verify the new password field with less than 10 characters,,Zephyr for Jira - Test Management,557058:d99b15ce-fb96-40a1-b6e7-3ffdc632dc73,,,,,,,,,,,,,,,,,,EL-5,,,,,,,,{},,,,0|hzzzzo:5t,,,,,EL Sprint 1,,,,,,,,In Progress
"Verify the new password field with combination of alphabets, numers and special characters",EL-64,10154,Test,Done,EL,elearning,software,Dipti Anand,620b3373156f53006b2459d7,,Medium,Done,,,Dipti Anand,620b3373156f53006b2459d7,Zephyr for Jira - Test Management,557058:d99b15ce-fb96-40a1-b6e7-3ffdc632dc73,17/Feb/22 3:15 PM,18/Feb/22 2:28 PM,21/Feb/22 1:56 PM,18/Feb/22 10:41 AM,,0,"Verify the new password field with combination of alphabets, numers and special characters",,Zephyr for Jira - Test Management,557058:d99b15ce-fb96-40a1-b6e7-3ffdc632dc73,,,,,,,,,,,,,,,,,,EL-5,,,,,,,,{},,,,0|hzzzzo:7,,,,,EL Sprint 1,,,,,,,,Done
"Verify the change password functionality  by leaving old password, new and confirm password as blank",EL-63,10153,Test,Done,EL,elearning,software,Dipti Anand,620b3373156f53006b2459d7,,Medium,Done,,,Dipti Anand,620b3373156f53006b2459d7,Zephyr for Jira - Test Management,557058:d99b15ce-fb96-40a1-b6e7-3ffdc632dc73,17/Feb/22 3:15 PM,18/Feb/22 2:28 PM,21/Feb/22 1:56 PM,18/Feb/22 10:52 AM,,0,"Verify the change password functionality  by leaving old password, new and confirm password as blank",,Zephyr for Jira - Test Management,557058:d99b15ce-fb96-40a1-b6e7-3ffdc632dc73,,,,,,,,,,,,,,,,,,EL-5,,,,,,,,{},,,,0|hzzzzo:5r,,,,,EL Sprint 1,,,,,,,,Done
Verify the change password functionality by entering valid old password and leaving the new password and confirm password as blank,EL-62,10152,Test,Done,EL,elearning,software,Dipti Anand,620b3373156f53006b2459d7,,Medium,Done,,,Dipti Anand,620b3373156f53006b2459d7,Zephyr for Jira - Test Management,557058:d99b15ce-fb96-40a1-b6e7-3ffdc632dc73,17/Feb/22 3:15 PM,18/Feb/22 2:28 PM,21/Feb/22 1:56 PM,18/Feb/22 10:39 AM,,0,Verify the change password functionality by entering valid old password and leaving the new password and confirm password as blank,,Zephyr for Jira - Test Management,557058:d99b15ce-fb96-40a1-b6e7-3ffdc632dc73,,,,,,,,,,,,,,,,,,EL-5,,,,,,,,{},,,,0|hzzzzo:5v,,,,,EL Sprint 1,,,,,,,,Done
Verify the change password functionality by entering valid old password and valid new password by leaving confirm password as blank,EL-61,10151,Test,Done,EL,elearning,software,Dipti Anand,620b3373156f53006b2459d7,,Medium,Done,,,Dipti Anand,620b3373156f53006b2459d7,Zephyr for Jira - Test Management,557058:d99b15ce-fb96-40a1-b6e7-3ffdc632dc73,17/Feb/22 3:15 PM,18/Feb/22 2:28 PM,21/Feb/22 1:56 PM,18/Feb/22 10:52 AM,,0,Verify the change password functionality by entering valid old password and valid new password by leaving confirm password as blank,,Zephyr for Jira - Test Management,557058:d99b15ce-fb96-40a1-b6e7-3ffdc632dc73,,,,,,,,,,,,,,,,,,EL-5,,,,,,,,{},,,,0|hzzzzo:54,,,,,EL Sprint 1,,,,,,,,Done
Verify the change password functionality by entering invalid old password and matching valid  new and confirm password,EL-60,10150,Test,Done,EL,elearning,software,Dipti Anand,620b3373156f53006b2459d7,,Medium,Done,,,Dipti Anand,620b3373156f53006b2459d7,Zephyr for Jira - Test Management,557058:d99b15ce-fb96-40a1-b6e7-3ffdc632dc73,17/Feb/22 3:15 PM,18/Feb/22 2:28 PM,18/Feb/22 10:55 AM,18/Feb/22 10:52 AM,,0,Verify the change password functionality by entering invalid old password and matching valid  new and confirm password,,Zephyr for Jira - Test Management,557058:d99b15ce-fb96-40a1-b6e7-3ffdc632dc73,,,,,,,,,,,,,,,,,,EL-5,,,,,,,,{},,,,0|hzzzzo:59,,,,,EL Sprint 1,,,,,,,,Done
Verify the change password functionality by leaving valid old password and matching new and confirm password,EL-59,10149,Test,Done,EL,elearning,software,Dipti Anand,620b3373156f53006b2459d7,,Medium,Done,,,Dipti Anand,620b3373156f53006b2459d7,Zephyr for Jira - Test Management,557058:d99b15ce-fb96-40a1-b6e7-3ffdc632dc73,17/Feb/22 3:15 PM,18/Feb/22 2:29 PM,21/Feb/22 1:56 PM,18/Feb/22 10:41 AM,,0,Verify the change password functionality by leaving valid old password and matching new and confirm password,,Zephyr for Jira - Test Management,557058:d99b15ce-fb96-40a1-b6e7-3ffdc632dc73,,,,,,,,,,,,,,,,,,EL-5,,,,,,,,{},,,,0|hzzzzo:5i,,,,,EL Sprint 1,,,,,,,,Done
Verify the change password functionality by entering valid old password and matching new and confirm password,EL-58,10148,Test,Done,EL,elearning,software,Dipti Anand,620b3373156f53006b2459d7,,Medium,Done,,,Dipti Anand,620b3373156f53006b2459d7,Zephyr for Jira - Test Management,557058:d99b15ce-fb96-40a1-b6e7-3ffdc632dc73,17/Feb/22 3:15 PM,18/Feb/22 2:28 PM,21/Feb/22 1:56 PM,18/Feb/22 10:50 AM,,0,Verify the change password functionality by entering valid old password and matching new and confirm password,,Zephyr for Jira - Test Management,557058:d99b15ce-fb96-40a1-b6e7-3ffdc632dc73,,,,,,,,,,,,,,,,,,EL-5,,,,,,,,{},,,,0|hzzzzo:4t,,,,,EL Sprint 1,,,,,,,,Done
Verify the phone field with initial digit less than 6,EL-57,10147,Test,Blocked,EL,elearning,software,Dipti Anand,620b3373156f53006b2459d7,,Medium,,,,Dipti Anand,620b3373156f53006b2459d7,Zephyr for Jira - Test Management,557058:d99b15ce-fb96-40a1-b6e7-3ffdc632dc73,17/Feb/22 3:15 PM,21/Feb/22 11:04 AM,21/Feb/22 1:56 PM,,,0,Verify the phone field with initial digit less than 6,,Zephyr for Jira - Test Management,557058:d99b15ce-fb96-40a1-b6e7-3ffdc632dc73,,,,,,,,,,,,,,,,,,EL-5,,,,,,,,{},,,,0|hzzzzo:4v,,,,,EL Sprint 1,,,,,,,,In Progress
Verify the phone field with blank value,EL-56,10146,Test,Blocked,EL,elearning,software,Dipti Anand,620b3373156f53006b2459d7,,Medium,,,,Dipti Anand,620b3373156f53006b2459d7,Zephyr for Jira - Test Management,557058:d99b15ce-fb96-40a1-b6e7-3ffdc632dc73,17/Feb/22 3:15 PM,21/Feb/22 11:04 AM,21/Feb/22 1:56 PM,,,0,Verify the phone field with blank value,,Zephyr for Jira - Test Management,557058:d99b15ce-fb96-40a1-b6e7-3ffdc632dc73,,,,,,,,,,,,,,,,,,EL-5,,,,,,,,{},,,,0|hzzzzo:4r,,,,,EL Sprint 1,,,,,,,,In Progress
"Verify the phone field by entering ""0"" at initial",EL-55,10145,Test,Blocked,EL,elearning,software,Dipti Anand,620b3373156f53006b2459d7,,Medium,,,,Dipti Anand,620b3373156f53006b2459d7,Zephyr for Jira - Test Management,557058:d99b15ce-fb96-40a1-b6e7-3ffdc632dc73,17/Feb/22 3:15 PM,21/Feb/22 11:04 AM,21/Feb/22 1:56 PM,,,0,"Verify the phone field by entering ""0"" at initial",,Zephyr for Jira - Test Management,557058:d99b15ce-fb96-40a1-b6e7-3ffdc632dc73,,,,,,,,,,,,,,,,,,EL-5,,,,,,,,{},,,,0|hzzzzo:4i,,,,,EL Sprint 1,,,,,,,,In Progress
Verify the phone field by special and alphabetic characters,EL-54,10144,Test,Blocked,EL,elearning,software,Dipti Anand,620b3373156f53006b2459d7,,Medium,,,,Dipti Anand,620b3373156f53006b2459d7,Zephyr for Jira - Test Management,557058:d99b15ce-fb96-40a1-b6e7-3ffdc632dc73,17/Feb/22 3:15 PM,21/Feb/22 11:04 AM,21/Feb/22 1:56 PM,,,0,Verify the phone field by special and alphabetic characters,,Zephyr for Jira - Test Management,557058:d99b15ce-fb96-40a1-b6e7-3ffdc632dc73,,,,,,,,,,,,,,,,,,EL-5,,,,,,,,{},,,,0|hzzzzo:6,,,,,EL Sprint 1,,,,,,,,In Progress
Verify the phone field by entering 10 zero in text box,EL-53,10143,Test,Blocked,EL,elearning,software,Dipti Anand,620b3373156f53006b2459d7,,Medium,,,,Dipti Anand,620b3373156f53006b2459d7,Zephyr for Jira - Test Management,557058:d99b15ce-fb96-40a1-b6e7-3ffdc632dc73,17/Feb/22 3:15 PM,21/Feb/22 11:04 AM,21/Feb/22 1:56 PM,,,0,Verify the phone field by entering 10 zero in text box,,Zephyr for Jira - Test Management,557058:d99b15ce-fb96-40a1-b6e7-3ffdc632dc73,,,,,,,,,,,,,,,,,,EL-5,,,,,,,,{},,,,0|hzzzzo:5,,,,,EL Sprint 1,,,,,,,,In Progress
Verify that the by default all the added record showing in the phone field or not,EL-52,10142,Test,In Progress,EL,elearning,software,Dipti Anand,620b3373156f53006b2459d7,,Medium,,,,Dipti Anand,620b3373156f53006b2459d7,Zephyr for Jira - Test Management,557058:d99b15ce-fb96-40a1-b6e7-3ffdc632dc73,17/Feb/22 3:15 PM,21/Feb/22 11:08 AM,21/Feb/22 1:56 PM,,,0,Verify that the by default all the added record showing in thephone field or not,,Zephyr for Jira - Test Management,557058:d99b15ce-fb96-40a1-b6e7-3ffdc632dc73,,,,,,,,,,,,,,,,,,EL-5,,,,,,,,{},,,,0|hzzzzo:4,,,,,EL Sprint 1,,,,,,,,In Progress
Verify the phone field by entering the blank space between them,EL-51,10141,Test,Blocked,EL,elearning,software,Dipti Anand,620b3373156f53006b2459d7,,Medium,,,,Dipti Anand,620b3373156f53006b2459d7,Zephyr for Jira - Test Management,557058:d99b15ce-fb96-40a1-b6e7-3ffdc632dc73,17/Feb/22 3:15 PM,21/Feb/22 10:55 AM,21/Feb/22 1:56 PM,,,0,Verify the phone field by entering the blank space between them,,Zephyr for Jira - Test Management,557058:d99b15ce-fb96-40a1-b6e7-3ffdc632dc73,,,,,,,,,,,,,,,,,,EL-5,,,,,,,,{},,,,0|hzzzzn:y,,,,,EL Sprint 1,,,,,,,,In Progress
Verify the phone field by entering the valid 10 digit phone number,EL-50,10140,Test,Blocked,EL,elearning,software,Dipti Anand,620b3373156f53006b2459d7,,Medium,,,,Dipti Anand,620b3373156f53006b2459d7,Zephyr for Jira - Test Management,557058:d99b15ce-fb96-40a1-b6e7-3ffdc632dc73,17/Feb/22 3:15 PM,21/Feb/22 11:01 AM,21/Feb/22 1:56 PM,,,0,Verify the phone field by entering the valid 10 digit phone number,,Zephyr for Jira - Test Management,557058:d99b15ce-fb96-40a1-b6e7-3ffdc632dc73,,,,,,,,,,,,,,,,,,EL-5,,,,,,,,{},,,,0|hzzzzn:yi,,,,,EL Sprint 1,,,,,,,,In Progress
Verify that the email field with two special characters,EL-49,10139,Test,Done,EL,elearning,software,Dipti Anand,620b3373156f53006b2459d7,,Medium,Done,,,Dipti Anand,620b3373156f53006b2459d7,Zephyr for Jira - Test Management,557058:d99b15ce-fb96-40a1-b6e7-3ffdc632dc73,17/Feb/22 3:15 PM,18/Feb/22 2:28 PM,21/Feb/22 1:56 PM,18/Feb/22 10:51 AM,,0,Verify that the email field with two special characters,,Zephyr for Jira - Test Management,557058:d99b15ce-fb96-40a1-b6e7-3ffdc632dc73,,,,,,,,,,,,,,,,,,EL-5,,,,,,,,{},,,,0|hzzzzn:z,,,,,EL Sprint 1,,,,,,,,Done
Verify the email field with asterik (*) sign,EL-48,10138,Test,In Progress,EL,elearning,software,Dipti Anand,620b3373156f53006b2459d7,,Medium,,,,Dipti Anand,620b3373156f53006b2459d7,Zephyr for Jira - Test Management,557058:d99b15ce-fb96-40a1-b6e7-3ffdc632dc73,17/Feb/22 3:15 PM,21/Feb/22 11:13 AM,21/Feb/22 1:56 PM,,,0,Verify the email field with asterik (*) sign,,Zephyr for Jira - Test Management,557058:d99b15ce-fb96-40a1-b6e7-3ffdc632dc73,,,,,,,,,,,,,,,,,,EL-5,,,,,,,,{},,,,0|hzzzzn:t,,,,,EL Sprint 1,,,,,,,,In Progress
Verify that email field with “@” symbol,EL-47,10137,Test,Done,EL,elearning,software,Dipti Anand,620b3373156f53006b2459d7,,Medium,Done,,,Dipti Anand,620b3373156f53006b2459d7,Zephyr for Jira - Test Management,557058:d99b15ce-fb96-40a1-b6e7-3ffdc632dc73,17/Feb/22 3:15 PM,18/Feb/22 2:28 PM,21/Feb/22 11:41 AM,18/Feb/22 10:39 AM,,0,Verify that email field with “@” symbol,,Zephyr for Jira - Test Management,557058:d99b15ce-fb96-40a1-b6e7-3ffdc632dc73,,,,,,,,,,,,,,,,,,EL-5,,,,,,,,{},,,,0|hzzzzn:x,,,,,EL Sprint 1,,,,,,,,Done
Verify that the email field is more than 30 characters,EL-46,10136,Test,Blocked,EL,elearning,software,Dipti Anand,620b3373156f53006b2459d7,,Medium,,,,Dipti Anand,620b3373156f53006b2459d7,Zephyr for Jira - Test Management,557058:d99b15ce-fb96-40a1-b6e7-3ffdc632dc73,17/Feb/22 3:15 PM,21/Feb/22 10:59 AM,21/Feb/22 11:20 AM,,,0,Verify that the email field is more than 30 characters,,Zephyr for Jira - Test Management,557058:d99b15ce-fb96-40a1-b6e7-3ffdc632dc73,,,,,,,,,,,,,,,,,,EL-5,,,,,,,,{},,,,0|hzzzzn:m,,,,,EL Sprint 1,,,,,,,,In Progress
Verify that the code field is same as username but in uppercase characters,EL-45,10135,Test,Done,EL,elearning,software,Dipti Anand,620b3373156f53006b2459d7,,Medium,Done,,,Dipti Anand,620b3373156f53006b2459d7,Zephyr for Jira - Test Management,557058:d99b15ce-fb96-40a1-b6e7-3ffdc632dc73,17/Feb/22 3:14 PM,18/Feb/22 2:29 PM,21/Feb/22 1:56 PM,18/Feb/22 10:37 AM,,0,Verify that the code field is same as username but in uppercase characters,,Zephyr for Jira - Test Management,557058:d99b15ce-fb96-40a1-b6e7-3ffdc632dc73,,,,,,,,,,,,,,,,,,EL-5,,,,,,,,{},,,,0|hzzzzn:d,,,,,EL Sprint 1,,,,,,,,Done
Verify that the by default all the added record showing in the code field or not,EL-44,10134,Test,Done,EL,elearning,software,Dipti Anand,620b3373156f53006b2459d7,,Medium,Done,,,Dipti Anand,620b3373156f53006b2459d7,Zephyr for Jira - Test Management,557058:d99b15ce-fb96-40a1-b6e7-3ffdc632dc73,17/Feb/22 3:14 PM,18/Feb/22 2:28 PM,21/Feb/22 1:56 PM,18/Feb/22 10:37 AM,,0,Verify that the by default all the added record showing in the code field or not,,Zephyr for Jira - Test Management,557058:d99b15ce-fb96-40a1-b6e7-3ffdc632dc73,,,,,,,,,,,,,,,,,,EL-5,,,,,,,,{},,,,0|hzzzzm:zi,,,,,EL Sprint 1,,,,,,,,Done
Verify the username field with lowercase characters,EL-43,10133,Test,Done,EL,elearning,software,Dipti Anand,620b3373156f53006b2459d7,,Medium,Done,,,Dipti Anand,620b3373156f53006b2459d7,Zephyr for Jira - Test Management,557058:d99b15ce-fb96-40a1-b6e7-3ffdc632dc73,17/Feb/22 3:14 PM,18/Feb/22 2:29 PM,21/Feb/22 1:56 PM,18/Feb/22 10:51 AM,,0,Verify the username field with lowercase characters,,Zephyr for Jira - Test Management,557058:d99b15ce-fb96-40a1-b6e7-3ffdc632dc73,,,,,,,,,,,,,,,,,,EL-5,,,,,,,,{},,,,0|hzzzzo:9,,,,,EL Sprint 1,,,,,,,,Done
Verify that the user is able to edit the username field record by entering the valid data,EL-42,10132,Test,Blocked,EL,elearning,software,Dipti Anand,620b3373156f53006b2459d7,,Medium,,,,Dipti Anand,620b3373156f53006b2459d7,Zephyr for Jira - Test Management,557058:d99b15ce-fb96-40a1-b6e7-3ffdc632dc73,17/Feb/22 3:14 PM,21/Feb/22 11:06 AM,21/Feb/22 1:56 PM,,,0,Verify that the user is able to edit the username field record by entering the valid data,,Zephyr for Jira - Test Management,557058:d99b15ce-fb96-40a1-b6e7-3ffdc632dc73,,,,,,,,,,,,,,,,,,EL-5,,,,,,,,{},,,,0|hzzzzn:9,,,,,EL Sprint 1,,,,,,,,In Progress
Verify the username field with less than 2 characters,EL-41,10131,Test,Blocked,EL,elearning,software,Dipti Anand,620b3373156f53006b2459d7,,Medium,,,,Dipti Anand,620b3373156f53006b2459d7,Zephyr for Jira - Test Management,557058:d99b15ce-fb96-40a1-b6e7-3ffdc632dc73,17/Feb/22 3:14 PM,21/Feb/22 11:06 AM,21/Feb/22 1:56 PM,,,0,Verify the username field with less than 2 characters,,Zephyr for Jira - Test Management,557058:d99b15ce-fb96-40a1-b6e7-3ffdc632dc73,,,,,,,,,,,,,,,,,,EL-5,,,,,,,,{},,,,0|hzzzzn:v,,,,,EL Sprint 1,,,,,,,,In Progress
Verify the username field with blank value,EL-40,10130,Test,Blocked,EL,elearning,software,Dipti Anand,620b3373156f53006b2459d7,,Medium,,,,Dipti Anand,620b3373156f53006b2459d7,Zephyr for Jira - Test Management,557058:d99b15ce-fb96-40a1-b6e7-3ffdc632dc73,17/Feb/22 3:14 PM,21/Feb/22 11:06 AM,21/Feb/22 1:56 PM,,,0,Verify the username field with blank value,,Zephyr for Jira - Test Management,557058:d99b15ce-fb96-40a1-b6e7-3ffdc632dc73,,,,,,,,,,,,,,,,,,EL-5,,,,,,,,{},,,,0|hzzzzn:r,,,,,EL Sprint 1,,,,,,,,In Progress
Verify the username field with 30 characters,EL-39,10129,Test,Blocked,EL,elearning,software,Dipti Anand,620b3373156f53006b2459d7,,Medium,,,,Dipti Anand,620b3373156f53006b2459d7,Zephyr for Jira - Test Management,557058:d99b15ce-fb96-40a1-b6e7-3ffdc632dc73,17/Feb/22 3:14 PM,21/Feb/22 11:06 AM,21/Feb/22 1:56 PM,,,0,Verify the username field with 30 characters,,Zephyr for Jira - Test Management,557058:d99b15ce-fb96-40a1-b6e7-3ffdc632dc73,,,,,,,,,,,,,,,,,,EL-5,,,,,,,,{},,,,0|hzzzzm:yi,,,,,EL Sprint 1,,,,,,,,In Progress
Verify the username with special characters,EL-38,10128,Test,In Progress,EL,elearning,software,Dipti Anand,620b3373156f53006b2459d7,,Medium,,,,Dipti Anand,620b3373156f53006b2459d7,Zephyr for Jira - Test Management,557058:d99b15ce-fb96-40a1-b6e7-3ffdc632dc73,17/Feb/22 3:14 PM,21/Feb/22 11:06 AM,21/Feb/22 1:56 PM,,,0,Verify the username with special characters,,Zephyr for Jira - Test Management,557058:d99b15ce-fb96-40a1-b6e7-3ffdc632dc73,,,,,,,,,,,,,,,,,,EL-5,,,,,,,,{},,,,0|hzzzzm:xv,,,,,EL Sprint 1,,,,,,,,In Progress
Verify the username with alphanumeric characters,EL-37,10127,Test,Blocked,EL,elearning,software,Dipti Anand,620b3373156f53006b2459d7,,Medium,,,,Dipti Anand,620b3373156f53006b2459d7,Zephyr for Jira - Test Management,557058:d99b15ce-fb96-40a1-b6e7-3ffdc632dc73,17/Feb/22 3:14 PM,21/Feb/22 11:06 AM,21/Feb/22 1:56 PM,,,0,Verify the username with alphanumeric characters,,Zephyr for Jira - Test Management,557058:d99b15ce-fb96-40a1-b6e7-3ffdc632dc73,,,,,,,,,,,,,,,,,,EL-5,,,,,,,,{},,,,0|hzzzzm:yr,,,,,EL Sprint 1,,,,,,,,In Progress
Verify that the by default all the added record showing in the username field or not,EL-36,10126,Test,Done,EL,elearning,software,Dipti Anand,620b3373156f53006b2459d7,,Medium,Done,,,Dipti Anand,620b3373156f53006b2459d7,Zephyr for Jira - Test Management,557058:d99b15ce-fb96-40a1-b6e7-3ffdc632dc73,17/Feb/22 3:14 PM,18/Feb/22 2:28 PM,21/Feb/22 1:56 PM,18/Feb/22 10:36 AM,,0,Verify that the by default all the added record showing in the username field or not,,Zephyr for Jira - Test Management,557058:d99b15ce-fb96-40a1-b6e7-3ffdc632dc73,,,,,,,,,,,,,,,,,,EL-5,,,,,,,,{},,,,0|hzzzzm:xi,,,,,EL Sprint 1,,,,,,,,Done
Verify that the crop button should be clickable,EL-35,10125,Test,Done,EL,elearning,software,Dipti Anand,620b3373156f53006b2459d7,,Medium,Done,,,Dipti Anand,620b3373156f53006b2459d7,Zephyr for Jira - Test Management,557058:d99b15ce-fb96-40a1-b6e7-3ffdc632dc73,17/Feb/22 3:14 PM,18/Feb/22 2:28 PM,21/Feb/22 1:56 PM,18/Feb/22 10:51 AM,,0,Verify that the crop button should be clickable,,Zephyr for Jira - Test Management,557058:d99b15ce-fb96-40a1-b6e7-3ffdc632dc73,,,,,,,,,,,,,,,,,,EL-5,,,,,,,,{},,,,0|hzzzzm:xr,,,,,EL Sprint 1,,,,,,,,Done
Verify the default text for crop button,EL-34,10124,Test,Done,EL,elearning,software,Dipti Anand,620b3373156f53006b2459d7,,Medium,Done,,,Dipti Anand,620b3373156f53006b2459d7,Zephyr for Jira - Test Management,557058:d99b15ce-fb96-40a1-b6e7-3ffdc632dc73,17/Feb/22 3:14 PM,18/Feb/22 2:28 PM,21/Feb/22 1:56 PM,18/Feb/22 10:37 AM,,0,Verify the default text for crop button,,Zephyr for Jira - Test Management,557058:d99b15ce-fb96-40a1-b6e7-3ffdc632dc73,,,,,,,,,,,,,,,,,,EL-5,,,,,,,,{},,,,0|hzzzzn:i,,,,,EL Sprint 1,,,,,,,,Done
Verify if the user is able to crop the image or not,EL-33,10123,Test,Done,EL,elearning,software,Dipti Anand,620b3373156f53006b2459d7,,Medium,Done,,,Dipti Anand,620b3373156f53006b2459d7,Zephyr for Jira - Test Management,557058:d99b15ce-fb96-40a1-b6e7-3ffdc632dc73,17/Feb/22 3:14 PM,18/Feb/22 2:28 PM,21/Feb/22 1:56 PM,18/Feb/22 10:41 AM,,0,Verify if the user is able to crop the image or not,,Zephyr for Jira - Test Management,557058:d99b15ce-fb96-40a1-b6e7-3ffdc632dc73,,,,,,,,,,,,,,,,,,EL-5,,,,,,,,{},,,,0|hzzzzo:i,,,,,EL Sprint 1,,,,,,,,Done
Verify the image name with special characters,EL-32,10122,Test,Blocked,EL,elearning,software,Dipti Anand,620b3373156f53006b2459d7,,Medium,,,,Dipti Anand,620b3373156f53006b2459d7,Zephyr for Jira - Test Management,557058:d99b15ce-fb96-40a1-b6e7-3ffdc632dc73,17/Feb/22 3:14 PM,21/Feb/22 11:08 AM,21/Feb/22 1:56 PM,,,0,Verify the image name with special characters,,Zephyr for Jira - Test Management,557058:d99b15ce-fb96-40a1-b6e7-3ffdc632dc73,,,,,,,,,,,,,,,,,,EL-5,,,,,,,,{},,,,0|hzzzzm:qv,,,,,EL Sprint 1,,,,,,,,In Progress
Verify a proper message if the user tries to upload the image which is not allowed,EL-31,10121,Test,Done,EL,elearning,software,Dipti Anand,620b3373156f53006b2459d7,,Medium,Done,,,Dipti Anand,620b3373156f53006b2459d7,Zephyr for Jira - Test Management,557058:d99b15ce-fb96-40a1-b6e7-3ffdc632dc73,17/Feb/22 3:14 PM,18/Feb/22 2:29 PM,21/Feb/22 1:56 PM,18/Feb/22 10:36 AM,,0,Verify a proper message if the user tries to upload the image which is not allowed,,Zephyr for Jira - Test Management,557058:d99b15ce-fb96-40a1-b6e7-3ffdc632dc73,,,,,,,,,,,,,,,,,,EL-5,,,,,,,,{},,,,0|hzzzzm:wr,,,,,EL Sprint 1,,,,,,,,Done
Verify that image size should be shown under the image name,EL-30,10120,Test,In Progress,EL,elearning,software,Dipti Anand,620b3373156f53006b2459d7,,Medium,,,,Dipti Anand,620b3373156f53006b2459d7,Zephyr for Jira - Test Management,557058:d99b15ce-fb96-40a1-b6e7-3ffdc632dc73,17/Feb/22 3:14 PM,18/Feb/22 2:29 PM,21/Feb/22 1:56 PM,,,0,Verify that image size should be shown under the image name,,Zephyr for Jira - Test Management,557058:d99b15ce-fb96-40a1-b6e7-3ffdc632dc73,,,,,,,,,,,,,,,,,,EL-5,,,,,,,,{},,,,0|hzzzzm:z,,,,,EL Sprint 1,,,,,,,,In Progress
"Verify that the user can only be able to upload the allowed images only,i.e, png, jpg and gif",EL-29,10119,Test,Done,EL,elearning,software,Dipti Anand,620b3373156f53006b2459d7,,Medium,Done,,,Dipti Anand,620b3373156f53006b2459d7,Zephyr for Jira - Test Management,557058:d99b15ce-fb96-40a1-b6e7-3ffdc632dc73,17/Feb/22 3:14 PM,18/Feb/22 2:28 PM,21/Feb/22 1:56 PM,18/Feb/22 10:37 AM,,0,"Verify that the user can only be able to upload the allowed images only,i.e, png, jpg and gif",,Zephyr for Jira - Test Management,557058:d99b15ce-fb96-40a1-b6e7-3ffdc632dc73,,,,,,,,,,,,,,,,,,EL-5,,,,,,,,{},,,,0|hzzzzm:x,,,,,EL Sprint 1,,,,,,,,Done
Verify the default text on add image field,EL-28,10118,Test,Done,EL,elearning,software,Dipti Anand,620b3373156f53006b2459d7,,Medium,Done,,,Dipti Anand,620b3373156f53006b2459d7,Zephyr for Jira - Test Management,557058:d99b15ce-fb96-40a1-b6e7-3ffdc632dc73,17/Feb/22 3:14 PM,18/Feb/22 2:29 PM,21/Feb/22 1:56 PM,18/Feb/22 10:36 AM,,0,Verify the default text on add image button,,Zephyr for Jira - Test Management,557058:d99b15ce-fb96-40a1-b6e7-3ffdc632dc73,,,,,,,,,,,,,,,,,,EL-5,,,,,,,,{},,,,0|hzzzzm:v,,,,,EL Sprint 1,,,,,,,,Done
Verify that the multiple images can be uploaded by the user,EL-27,10117,Test,Done,EL,elearning,software,Dipti Anand,620b3373156f53006b2459d7,,Medium,Done,,,Dipti Anand,620b3373156f53006b2459d7,Zephyr for Jira - Test Management,557058:d99b15ce-fb96-40a1-b6e7-3ffdc632dc73,17/Feb/22 3:14 PM,18/Feb/22 2:29 PM,21/Feb/22 1:56 PM,18/Feb/22 10:37 AM,,0,Verify that the user can be able to select multiple files if required,,Zephyr for Jira - Test Management,557058:d99b15ce-fb96-40a1-b6e7-3ffdc632dc73,,,,,,,,,,,,,,,,,,EL-5,,,,,,,,{},,,,0|hzzzzm:y,,,,,EL Sprint 1,,,,,,,,Done
Verify that the user is able to see the image after selection,EL-26,10116,Test,Done,EL,elearning,software,Dipti Anand,620b3373156f53006b2459d7,,Medium,Done,,,Dipti Anand,620b3373156f53006b2459d7,Zephyr for Jira - Test Management,557058:d99b15ce-fb96-40a1-b6e7-3ffdc632dc73,17/Feb/22 3:14 PM,18/Feb/22 2:28 PM,21/Feb/22 1:56 PM,18/Feb/22 10:50 AM,,0,Verify that user is able to see the image after the selection,,Zephyr for Jira - Test Management,557058:d99b15ce-fb96-40a1-b6e7-3ffdc632dc73,,,,,,,,,,,,,,,,,,EL-5,,,,,,,,{},,,,0|hzzzzm:wi,,,,,EL Sprint 1,,,,,,,,Done
Verify the name of selected image is displayed correctly,EL-25,10115,Test,Done,EL,elearning,software,Dipti Anand,620b3373156f53006b2459d7,,Medium,Done,,,Dipti Anand,620b3373156f53006b2459d7,Zephyr for Jira - Test Management,557058:d99b15ce-fb96-40a1-b6e7-3ffdc632dc73,17/Feb/22 3:14 PM,18/Feb/22 2:28 PM,21/Feb/22 1:56 PM,18/Feb/22 10:36 AM,,0,Verify the name of selected image is displayed correctly,,Zephyr for Jira - Test Management,557058:d99b15ce-fb96-40a1-b6e7-3ffdc632dc73,,,,,,,,,,,,,,,,,,EL-5,,,,,,,,{},,,,0|hzzzzm:qr,,,,,EL Sprint 1,,,,,,,,Done
Verify that the the choose file button is clickable or not in add image field,EL-24,10114,Test,Done,EL,elearning,software,Dipti Anand,620b3373156f53006b2459d7,,Medium,Done,,,Dipti Anand,620b3373156f53006b2459d7,Zephyr for Jira - Test Management,557058:d99b15ce-fb96-40a1-b6e7-3ffdc632dc73,17/Feb/22 3:14 PM,18/Feb/22 2:28 PM,21/Feb/22 1:56 PM,18/Feb/22 10:37 AM,,0,Verify that the the choose file button is clickable or not in add image field,,Zephyr for Jira - Test Management,557058:d99b15ce-fb96-40a1-b6e7-3ffdc632dc73,,,,,,,,,,,,,,,,,,EL-5,,,,,,,,{},,,,0|hzzzzm:w,,,,,EL Sprint 1,,,,,,,,Done
Verify that the by default all the added record showing in the last name field or not,EL-23,10113,Test,Done,EL,elearning,software,Dipti Anand,620b3373156f53006b2459d7,,Medium,Done,,,Dipti Anand,620b3373156f53006b2459d7,Zephyr for Jira - Test Management,557058:d99b15ce-fb96-40a1-b6e7-3ffdc632dc73,17/Feb/22 3:14 PM,18/Feb/22 2:28 PM,21/Feb/22 1:56 PM,18/Feb/22 10:36 AM,,0,Verify that the by default all the added record showing in the last name field or not,,Zephyr for Jira - Test Management,557058:d99b15ce-fb96-40a1-b6e7-3ffdc632dc73,,,,,,,,,,,,,,,,,,EL-5,,,,,,,,{},,,,0|hzzzzm:w9,,,,,EL Sprint 1,,,,,,,,Done
Verify the last name field with numeric and special characters,EL-22,10112,Test,Blocked,EL,elearning,software,Dipti Anand,620b3373156f53006b2459d7,,Medium,,,,Dipti Anand,620b3373156f53006b2459d7,Zephyr for Jira - Test Management,557058:d99b15ce-fb96-40a1-b6e7-3ffdc632dc73,17/Feb/22 3:14 PM,21/Feb/22 11:06 AM,21/Feb/22 1:56 PM,,,0,Verify the last name field with numeric and special characters,,Zephyr for Jira - Test Management,557058:d99b15ce-fb96-40a1-b6e7-3ffdc632dc73,,,,,,,,,,,,,,,,,,EL-5,,,,,,,,{},,,,0|hzzzzm:qi,,,,,EL Sprint 1,,,,,,,,In Progress
Verify that the user is able to edit the last name field record by entering the valid data,EL-21,10111,Test,Blocked,EL,elearning,software,Dipti Anand,620b3373156f53006b2459d7,,Medium,,,,Dipti Anand,620b3373156f53006b2459d7,Zephyr for Jira - Test Management,557058:d99b15ce-fb96-40a1-b6e7-3ffdc632dc73,17/Feb/22 3:14 PM,18/Feb/22 4:25 PM,21/Feb/22 1:56 PM,,,0,Verify that the user is able to edit the last name field record by entering the valid data,,Zephyr for Jira - Test Management,557058:d99b15ce-fb96-40a1-b6e7-3ffdc632dc73,,,,,,,,,,,,,,,,,,EL-5,,,,,,,,{},,,,0|hzzzzm:om,,,,,EL Sprint 1,,,,,,,,In Progress
Verify the last name field with more than 100 characters,EL-20,10110,Test,Blocked,EL,elearning,software,Dipti Anand,620b3373156f53006b2459d7,,Medium,,,,Dipti Anand,620b3373156f53006b2459d7,Zephyr for Jira - Test Management,557058:d99b15ce-fb96-40a1-b6e7-3ffdc632dc73,17/Feb/22 3:14 PM,21/Feb/22 11:06 AM,21/Feb/22 1:56 PM,,,0,Verify the last name field with more than 100 characters,,Zephyr for Jira - Test Management,557058:d99b15ce-fb96-40a1-b6e7-3ffdc632dc73,,,,,,,,,,,,,,,,,,EL-5,,,,,,,,{},,,,0|hzzzzm:or,,,,,EL Sprint 1,,,,,,,,In Progress
Verify the first name field with more than 100 characters,EL-19,10109,Test,Blocked,EL,elearning,software,Dipti Anand,620b3373156f53006b2459d7,,Medium,,,,Dipti Anand,620b3373156f53006b2459d7,Zephyr for Jira - Test Management,557058:d99b15ce-fb96-40a1-b6e7-3ffdc632dc73,17/Feb/22 3:13 PM,18/Feb/22 4:29 PM,21/Feb/22 1:56 PM,,,0,Verify the name field with more than 100 characters,,Zephyr for Jira - Test Management,557058:d99b15ce-fb96-40a1-b6e7-3ffdc632dc73,,,,,,,,,,,,,,,,,,EL-5,,,,,,,,{},,,,0|hzzzzm:q,,,,,EL Sprint 1,,,,,,,,In Progress
Verify the first name field with numeric and special characters,EL-18,10108,Test,Blocked,EL,elearning,software,Dipti Anand,620b3373156f53006b2459d7,,Medium,,,,Dipti Anand,620b3373156f53006b2459d7,Zephyr for Jira - Test Management,557058:d99b15ce-fb96-40a1-b6e7-3ffdc632dc73,17/Feb/22 3:13 PM,18/Feb/22 4:29 PM,18/Feb/22 2:41 PM,,,0,Verify the first name field with numeric and special characters,,Zephyr for Jira - Test Management,557058:d99b15ce-fb96-40a1-b6e7-3ffdc632dc73,,,,,,,,,,,,,,,,,,EL-5,,,,,,,,{},,,,0|hzzzzm:o9,,,,,EL Sprint 1,,,,,,,,In Progress
Verify that the user is able to edit the first name field record by entering the valid data,EL-17,10107,Test,Blocked,EL,elearning,software,Dipti Anand,620b3373156f53006b2459d7,,Medium,,,,Dipti Anand,620b3373156f53006b2459d7,Zephyr for Jira - Test Management,557058:d99b15ce-fb96-40a1-b6e7-3ffdc632dc73,17/Feb/22 3:13 PM,18/Feb/22 2:45 PM,21/Feb/22 1:56 PM,,,0,Verify that the user is able to edit the first name field record by entering the valid data,,Zephyr for Jira - Test Management,557058:d99b15ce-fb96-40a1-b6e7-3ffdc632dc73,,,,,,,,,,,,,,,,,,EL-5,,,,,,,,{},,,,0|hzzzzm:oi,,,,,EL Sprint 1,,,,,,,,In Progress
Verify that the page redirect to the edit profile page or not when click on edit profile,EL-16,10106,Test,Done,EL,elearning,software,Dipti Anand,620b3373156f53006b2459d7,,Medium,Done,,,Dipti Anand,620b3373156f53006b2459d7,Zephyr for Jira - Test Management,557058:d99b15ce-fb96-40a1-b6e7-3ffdc632dc73,17/Feb/22 3:13 PM,18/Feb/22 2:29 PM,21/Feb/22 1:56 PM,18/Feb/22 10:34 AM,,0,Verify that the page redirect to the edit profile page or not when click on edit profile,,Zephyr for Jira - Test Management,557058:d99b15ce-fb96-40a1-b6e7-3ffdc632dc73,,,,,,,,,,,,,,,,,,EL-5,,,,,,,,{},,,,0|hzzzzm:9,,,,,EL Sprint 1,,,,,,,,Done
Verify that by default the added record showing in the first name field or not,EL-15,10105,Test,Done,EL,elearning,software,Dipti Anand,620b3373156f53006b2459d7,,Medium,Done,,,Dipti Anand,620b3373156f53006b2459d7,Zephyr for Jira - Test Management,557058:d99b15ce-fb96-40a1-b6e7-3ffdc632dc73,17/Feb/22 3:13 PM,18/Feb/22 2:29 PM,21/Feb/22 1:56 PM,18/Feb/22 10:36 AM,,0,Verify that the by default the added record showing in the first name field or not,,Zephyr for Jira - Test Management,557058:d99b15ce-fb96-40a1-b6e7-3ffdc632dc73,,,,,,,,,,,,,,,,,,EL-5,,,,,,,,{},,,,0|hzzzzm:p,,,,,EL Sprint 1,,,,,,,,Done
Verify the subject field with 200 characters,EL-14,10013,Test,In Progress,EL,elearning,software,Dipti Anand,620b3373156f53006b2459d7,,Medium,,,,Dipti Anand,620b3373156f53006b2459d7,Zephyr for Jira - Test Management,557058:d99b15ce-fb96-40a1-b6e7-3ffdc632dc73,15/Feb/22 3:41 PM,16/Feb/22 3:14 PM,16/Feb/22 3:14 PM,,,0,Verify the subject field with 200 characters,,Zephyr for Jira - Test Management,557058:d99b15ce-fb96-40a1-b6e7-3ffdc632dc73,,,,,,,,,,,,,,,,,,EL-6,,,,,,,,{},,,,0|hzzzzo:,,,,,EL Sprint 1,,,,,,,,In Progress
Verify the subject field with special characters,EL-13,10012,Test,In Progress,EL,elearning,software,Dipti Anand,620b3373156f53006b2459d7,,Medium,,,,Dipti Anand,620b3373156f53006b2459d7,Zephyr for Jira - Test Management,557058:d99b15ce-fb96-40a1-b6e7-3ffdc632dc73,15/Feb/22 3:41 PM,16/Feb/22 3:14 PM,16/Feb/22 3:19 PM,,,0,Verify the subject field with special characters,,Zephyr for Jira - Test Management,557058:d99b15ce-fb96-40a1-b6e7-3ffdc632dc73,,,,,,,,,,,,,,,,,,EL-6,,,,,,,,{},,,,0|hzzzzm:o,,,,,EL Sprint 1,,,,,,,,In Progress
Verify that Subject field has a (*) mark to show it is mandatory,EL-12,10011,Test,Done,EL,elearning,software,Dipti Anand,620b3373156f53006b2459d7,,Medium,Done,,,Dipti Anand,620b3373156f53006b2459d7,Zephyr for Jira - Test Management,557058:d99b15ce-fb96-40a1-b6e7-3ffdc632dc73,15/Feb/22 3:41 PM,18/Feb/22 10:34 AM,15/Feb/22 3:57 PM,18/Feb/22 10:34 AM,,0,Verify that Subject field has a (*) mark to show it is mandatory,,Zephyr for Jira - Test Management,557058:d99b15ce-fb96-40a1-b6e7-3ffdc632dc73,,,,,,,,,,,,,,,,,,EL-6,,,,,,,,{},,,,0|hzzzzm:m,,,,,EL Sprint 1,,,,,,,,Done
Verify that the Send to field is scrollable,EL-11,10010,Test,Done,EL,elearning,software,Dipti Anand,620b3373156f53006b2459d7,,Medium,Done,,,Dipti Anand,620b3373156f53006b2459d7,Zephyr for Jira - Test Management,557058:d99b15ce-fb96-40a1-b6e7-3ffdc632dc73,15/Feb/22 3:40 PM,18/Feb/22 10:35 AM,16/Feb/22 3:14 PM,18/Feb/22 10:35 AM,,0,Verify that the Send to field is scrollable,,Zephyr for Jira - Test Management,557058:d99b15ce-fb96-40a1-b6e7-3ffdc632dc73,,,,,,,,,,,,,,,,,,EL-6,,,,,,,,{},,,,0|hzzzzm:i,,,,,EL Sprint 1,,,,,,,,Done
Verify the Send to field with more than 3 characters,EL-10,10009,Test,Done,EL,elearning,software,Dipti Anand,620b3373156f53006b2459d7,,Medium,Done,,,Dipti Anand,620b3373156f53006b2459d7,Zephyr for Jira - Test Management,557058:d99b15ce-fb96-40a1-b6e7-3ffdc632dc73,15/Feb/22 3:40 PM,18/Feb/22 10:50 AM,21/Feb/22 1:56 PM,18/Feb/22 10:50 AM,,0,Verify the Send to field with more than 3 characters,,Zephyr for Jira - Test Management,557058:d99b15ce-fb96-40a1-b6e7-3ffdc632dc73,,,,,,,,,,,,,,,,,,EL-6,,,,,,,,{},,,,0|hzzzzm:r,,,,,EL Sprint 1,,,,,,,,Done
Verify the send to field type,EL-9,10008,Test,Done,EL,elearning,software,Dipti Anand,620b3373156f53006b2459d7,,Medium,Done,,,Dipti Anand,620b3373156f53006b2459d7,Zephyr for Jira - Test Management,557058:d99b15ce-fb96-40a1-b6e7-3ffdc632dc73,15/Feb/22 3:40 PM,18/Feb/22 10:39 AM,16/Feb/22 3:13 PM,18/Feb/22 10:39 AM,,0,Verify the send to field type,,Zephyr for Jira - Test Management,557058:d99b15ce-fb96-40a1-b6e7-3ffdc632dc73,,,,,,,,,,,,,,,,,,EL-6,,,,,,,,{},,,,0|hzzzzp:,,,,,EL Sprint 1,,,,,,,,Done
Verify the placeholder for send to field,EL-8,10007,Test,Done,EL,elearning,software,Dipti Anand,620b3373156f53006b2459d7,,Medium,Done,,,Dipti Anand,620b3373156f53006b2459d7,Zephyr for Jira - Test Management,557058:d99b15ce-fb96-40a1-b6e7-3ffdc632dc73,15/Feb/22 3:40 PM,18/Feb/22 10:37 AM,16/Feb/22 10:31 PM,18/Feb/22 10:37 AM,,0,Verify the placeholder for send to field,,Zephyr for Jira - Test Management,557058:d99b15ce-fb96-40a1-b6e7-3ffdc632dc73,,,,,,,,,,,,,,,,,,EL-6,,,,,,,,{},,,,0|hzzzzn:,,,,,EL Sprint 1,,,,,,,,Done
Verify the Send to field with blank value,EL-7,10006,Test,Done,EL,elearning,software,Dipti Anand,620b3373156f53006b2459d7,,Medium,Done,,,Dipti Anand,620b3373156f53006b2459d7,Zephyr for Jira - Test Management,557058:d99b15ce-fb96-40a1-b6e7-3ffdc632dc73,15/Feb/22 3:40 PM,18/Feb/22 10:34 AM,21/Feb/22 12:38 PM,18/Feb/22 10:34 AM,,0,Verify the Send to field with blank value,,Zephyr for Jira - Test Management,557058:d99b15ce-fb96-40a1-b6e7-3ffdc632dc73,,,,,,,,,,,,,,,,,,EL-6,,,,,,,,{},,,,0|hzzzzm:,,,,,EL Sprint 1,,,,,,,,Done
"As a user, I want to send text message so that I can give feedback",EL-6,10005,Story,In Progress,EL,elearning,software,Dipti Anand,620b3373156f53006b2459d7,,Medium,,,,Dipti Anand,620b3373156f53006b2459d7,Dipti Anand,620b3373156f53006b2459d7,15/Feb/22 2:21 PM,21/Feb/22 1:50 PM,18/Feb/22 2:52 PM,,,0,,,Dipti Anand,620b3373156f53006b2459d7,,,,,,,,,,,,,,,,,,,,,,,,,,{},,,,0|hzzzzl:,,,,,EL Sprint 1,,,,,,,,In Progress
"As a user, I want to edit my profile so that I can update my details",EL-5,10004,Story,In Progress,EL,elearning,software,Dipti Anand,620b3373156f53006b2459d7,,Medium,,,,Dipti Anand,620b3373156f53006b2459d7,Dipti Anand,620b3373156f53006b2459d7,15/Feb/22 2:16 PM,21/Feb/22 11:20 AM,21/Feb/22 1:36 PM,,,0,,,Dipti Anand,620b3373156f53006b2459d7,;18/Feb/22 10:57 AM;ug:22bc8bf1-074b-4516-a4dd-21b1f374aa13;86400,288000,201600,86400,30%,288000,201600,86400,,,,,,,,,,EL-103,,,,,,,,{},,,,0|hzzzzj:,,,,,EL Sprint 1,,5.0,,,,,,In Progress
"As a user, I want to reset my password so that I can change my password for security reasons",EL-4,10003,Story,To Do,EL,elearning,software,Dipti Anand,620b3373156f53006b2459d7,,Medium,,,,Dipti Anand,620b3373156f53006b2459d7,Dipti Anand,620b3373156f53006b2459d7,15/Feb/22 2:15 PM,17/Feb/22 3:43 PM,15/Feb/22 3:30 PM,,,0,,,Dipti Anand,620b3373156f53006b2459d7,,,,,,,,,,,,,,,,,,,,,,,,,,{},,,,0|i0000d:,,,,,,,,,,,,,To Do
Login button is not working,EL-3,10002,Bug,To Do,EL,elearning,software,Dipti Anand,620b3373156f53006b2459d7,,Medium,,,,Dipti Anand,620b3373156f53006b2459d7,Dipti Anand,620b3373156f53006b2459d7,15/Feb/22 12:27 PM,21/Feb/22 1:38 PM,21/Feb/22 1:49 PM,,,0,"Login button is not working

Steps To Reproduce

1.Navigate to the application

2.enter valid user name and password

3.click on Login button



Expected Result

User should be navigated to the Dashboard



Actual Result

Login button is not working

Screenshot

!image-20220215-071530.png|width=382,height=478!",,Dipti Anand,620b3373156f53006b2459d7,,,,,,,,,,,,,,,,,,,15/Feb/22 12:44 PM;ug:22bc8bf1-074b-4516-a4dd-21b1f374aa13;image-20220215-071530.png;https://ibmhaldia10.atlassian.net/secure/attachment/10000/image-20220215-071530.png,,,,,,,{},,,,0|i0000f:,,,,,,,,,,,,,To Do
"As a user, I want to register so that I can access the application",EL-2,10001,Story,To Do,EL,elearning,software,Dipti Anand,620b3373156f53006b2459d7,,Medium,,,,Dipti Anand,620b3373156f53006b2459d7,Dipti Anand,620b3373156f53006b2459d7,15/Feb/22 11:46 AM,15/Feb/22 12:46 PM,15/Feb/22 12:46 PM,,,0,,,Dipti Anand,620b3373156f53006b2459d7,;15/Feb/22 12:46 PM;ug:22bc8bf1-074b-4516-a4dd-21b1f374aa13;18000,144000,126000,18000,12%,144000,126000,18000,,,,,,,,,,,,,,,,,,{},,,,0|i00007:,,,,,,,5.0,,,,,,To Do
"As a user, I want login so that i can secure my details",EL-1,10000,Story,To Do,EL,elearning,software,Dipti Anand,620b3373156f53006b2459d7,,Medium,,,,Dipti Anand,620b3373156f53006b2459d7,Dipti Anand,620b3373156f53006b2459d7,15/Feb/22 11:38 AM,17/Feb/22 3:43 PM,15/Feb/22 12:41 PM,,,0,,,Dipti Anand,620b3373156f53006b2459d7,,,,,,,,,,,,,,,,,,,,,,,,,,{},,,,0|i0000b:,,,,,,,,,,,,,To Do
